EOG0915041Q	utg000002l	2537292	2547463
EOG0915041Q	utg000026l	1779210	1789365
EOG091504TL	utg000010l	3330978	3342566
EOG0915041U	utg000026l	4992301	5003254
EOG0915090S	utg000027l	1396759	1407163
EOG091506X3	utg000002l	5079286	5090111
EOG091506X6	utg000026l	8509248	8520174
EOG0915041C	utg000011l	3503697	3514056
EOG0915096U	utg000026l	7769307	7779609
EOG0915041G	utg000062l	156009	166584
EOG091504TW	utg000002l	12296008	12306930
EOG0915096Y	utg000026l	7423020	7433754
EOG09150567	utg000002l	3949396	3959749
EOG09150AWW	utg000010l	851919	862720
EOG0915041M	utg000011l	3123548	3134650
EOG0915096E	utg000053l	1402862	1412959
EOG091505DS	utg000132l	116936	127893
EOG091505DZ	utg000031l	1868289	1879183
EOG091505DF	utg000029l	4024174	4036103
EOG091505DG	utg000003l	8474657	8485820
EOG0915089B	utg000026l	2129918	2157982
EOG091505DM	utg000002l	2588142	2599096
EOG0915089I	utg000026l	11428130	11438907
EOG091505D6	utg000003l	7267259	7278309
EOG09150410	utg000001l	5865400	5877041
EOG09150413	utg000043l	4217884	4230833
EOG09150415	utg000029l	3614505	3624667
EOG09150418	utg000002l	7379750	7390754
EOG0915056B	utg000003l	1890147	1900812
EOG09150960	utg000009l	69731	80595
EOG091506XJ	utg000071l	31601	42620
EOG091506XM	utg000003l	4520470	4531330
EOG09150968	utg000002l	1852337	1862579
EOG09150AW2	utg000052l	708532	718816
EOG0915056V	utg000002l	6443193	6453949
EOG0915056V	utg000035l	544271	554883
EOG09150AW7	utg000021l	510969	521679
EOG0915056Q	utg000026l	10143755	10155730
EOG091501ZX	utg000003l	8244213	8257905
EOG091503ZI	utg000031l	1933455	1946132
EOG091501ZT	utg000027l	59618	71349
EOG091503ZD	utg000027l	2479202	2490406
EOG091501ZQ	utg000001l	7763441	7774524
EOG091505JW	utg000051l	1102680	1113141
EOG091505JL	utg000002l	4732182	4744120
EOG091501ZI	utg000001l	6827346	6840472
EOG091501ZJ	utg000022l	23083	33610
EOG091503ZY	utg000051l	287251	298905
EOG09150CB0	utg000076l	203434	213568
EOG09150AI7	utg000003l	7271068	7281697
EOG091505JE	utg000004l	1863428	1874212
EOG091504TT	utg000026l	10753135	10766955
EOG09150BTP	utg000026l	4982395	4992559
EOG091509RP	utg000001l	7228829	7239312
EOG091509RL	utg000028l	2079730	2090218
EOG09150A3V	utg000021l	514157	524243
EOG091509RK	utg000064l	10852	21349
EOG091509RK	utg000144l	4627	15103
EOG09150C11	utg000003l	4295956	4306174
EOG09150C11	utg000010l	1172030	1182215
EOG09150C1N	utg000002l	1946958	1957305
EOG09150C1N	utg000003l	924677	934940
EOG09150C1M	utg000026l	2657190	2667552
EOG09150C1M	utg000002l	1946955	1957212
EOG091509R0	utg000027l	656483	667401
EOG09150FQB	utg000032l	3070161	3080355
EOG09150C1Q	utg000026l	6641972	6652421
EOG09150B2X	utg000044l	631475	641888
EOG09150EK5	utg000003l	4663738	4673938
EOG091508FM	utg000002l	8684036	8694532
EOG091508FN	utg000051l	367065	377417
EOG091508FJ	utg000011l	871772	882550
EOG09150DAT	utg000052l	98047	108381
EOG09150DAA	utg000003l	5859454	5869928
EOG091501H5	utg000008l	323143	335455
EOG091501H2	utg000032l	4969283	4988527
EOG091505X9	utg000026l	8772260	8783267
EOG0915036R	utg000003l	7339352	7349594
EOG0915036S	utg000026l	10802932	10813814
EOG09150HDI	utg000002l	13797787	13807978
EOG0915036K	utg000043l	4232631	4244757
EOG0915036A	utg000053l	1087413	1098566
EOG0915036F	utg000026l	4691732	4703268
EOG091503DP	utg000001l	4090566	4102218
EOG091503DS	utg000001l	6216317	6226586
EOG091503DX	utg000026l	1779054	1789407
EOG091503DX	utg000014l	2330365	2341445
EOG091503DX	utg000002l	5115084	5125470
EOG091503DY	utg000032l	3791844	3803366
EOG091503DZ	utg000034l	2559115	2570413
EOG091509JF	utg000029l	4034916	4045302
EOG091503DA	utg000029l	162335	172979
EOG091503DD	utg000096l	291048	302154
EOG091503DE	utg000002l	1853287	1863595
EOG091503DH	utg000019l	1574237	1586310
EOG091503DL	utg000002l	15201172	15212993
EOG091503DN	utg000032l	6064003	6075320
EOG091507TU	utg000053l	1238903	1249033
EOG0915089O	utg000026l	10130061	10141210
EOG091501HB	utg000026l	990539	1002743
EOG091505XE	utg000002l	4410852	4422371
EOG091501HN	utg000002l	3184445	3194621
EOG091501HO	utg000011l	966200	976598
EOG091505XH	utg000032l	1106518	1117333
EOG091501HK	utg000026l	6638157	6651017
EOG091505XM	utg000052l	336918	367902
EOG091501HV	utg000003l	7002528	7013234
EOG091501HW	utg000002l	3685884	3696133
EOG091501HU	utg000014l	3232530	3244546
EOG09150ACI	utg000002l	9301028	9315795
EOG091501HZ	utg000053l	512113	524640
EOG091501HY	utg000001l	4668162	4680687
EOG0915014S	utg000004l	216678	228820
EOG0915014Q	utg000027l	1346539	1360011
EOG0915014U	utg000026l	10782721	10793488
EOG09150AJT	utg000003l	281413	292616
EOG09150AJU	utg000001l	3372310	3382471
EOG0915014Y	utg000014l	2947048	2958407
EOG09150090	utg000051l	379899	394678
EOG0915014B	utg000003l	8223424	8234905
EOG09150AJH	utg000029l	3815655	3825799
EOG09150AJI	utg000003l	341293	352012
EOG0915014E	utg000001l	287228	299029
EOG0915014K	utg000001l	411379	423971
EOG0915078A	utg000052l	905675	916838
EOG0915078C	utg000029l	3645316	3656037
EOG0915078G	utg000014l	2896049	2906845
EOG0915078M	utg000053l	936191	947609
EOG0915078M	utg000021l	455912	466541
EOG0915078O	utg000028l	1715678	1726662
EOG0915078Q	utg000010l	1544249	1555280
EOG0915035P	utg000033l	1241111	1252644
EOG091501F0	utg000003l	4713375	4726338
EOG091501F6	utg000001l	3350191	3361824
EOG091501FK	utg000027l	2466521	2478462
EOG091501FM	utg000031l	1688608	1700645
EOG091501FN	utg000031l	2056106	2068637
EOG091507FT	utg000027l	2823505	2833800
EOG091501FF	utg000001l	4243332	4255736
EOG09150781	utg000002l	10686302	10709744
EOG09150784	utg000052l	307600	318878
EOG09150785	utg000028l	71210	82295
EOG091501FP	utg000019l	690234	702446
EOG09150789	utg000004l	141005	152375
EOG09150789	utg000051l	351296	361808
EOG091501FR	utg000032l	5213649	5225395
EOG091501FT	utg000034l	1292102	1306346
EOG091507FA	utg000019l	1169124	1179999
EOG09150142	utg000002l	14224688	14235192
EOG09150143	utg000031l	2001217	2014242
EOG0915009X	utg000051l	1883549	1900436
EOG0915009Y	utg000003l	2098006	2109860
EOG09150145	utg000003l	2774373	2785745
EOG0915009U	utg000003l	7214088	7224852
EOG09150148	utg000067l	109157	122155
EOG0915009W	utg000019l	1147857	1163759
EOG0915009L	utg000052l	999764	1010977
EOG09150E95	utg000027l	2439015	2454181
EOG0915009N	utg000009l	244811	258631
EOG0915009H	utg000026l	3920111	3934034
EOG0915009K	utg000001l	2887586	2901289
EOG0915009E	utg000029l	2075511	2089665
EOG091509NT	utg000051l	1690719	1700857
EOG091509NU	utg000032l	1382595	1392963
EOG091506UQ	utg000067l	250079	261345
EOG091500H9	utg000052l	920687	933905
EOG09150AD6	utg000042l	41164	52100
EOG091500H4	utg000002l	9648270	9660456
EOG091500H1	utg000026l	324478	336899
EOG0915055A	utg000008l	730701	741702
EOG0915055K	utg000014l	3177919	3188918
EOG091502L5	utg000004l	996499	1008087
EOG091506YP	utg000026l	3010449	3021186
EOG091506YM	utg000001l	6559413	6569660
EOG091500MY	utg000031l	1110103	1123621
EOG0915055Y	utg000029l	4155227	4165790
EOG091506YE	utg000002l	4933939	4944748
EOG0915056L	utg000026l	8630506	8641044
EOG091506KP	utg000002l	5363757	5374194
EOG091506Y8	utg000085l	112009	122536
EOG091506Y6	utg000014l	1374657	1386678
EOG091502LP	utg000067l	670814	682035
EOG091502LT	utg000008l	250317	261194
EOG091502LW	utg000014l	3500840	3513630
EOG091502LW	utg000010l	667219	678425
EOG0915056O	utg000002l	2580395	2591077
EOG09150554	utg000002l	13809910	13820202
EOG09150557	utg000015l	140188	155532
EOG091502LC	utg000026l	6345814	6357590
EOG091500T4	utg000002l	5823753	5835905
EOG09150CTM	utg000002l	2159896	2170148
EOG091500HO	utg000010l	3605109	3615527
EOG09150AXD	utg000019l	1386872	1397054
EOG091500HL	utg000041l	1583292	1594901
EOG091500HK	utg000028l	475288	489953
EOG09150GDQ	utg000011l	881443	891721
EOG091500HI	utg000011l	3130635	3143273
EOG091500HG	utg000019l	1005599	1018413
EOG091504CP	utg000001l	425282	436138
EOG09150AXU	utg000003l	902984	913340
EOG091500HZ	utg000003l	935209	946757
EOG091500HZ	utg000001l	2889275	2900735
EOG091500HW	utg000004l	107413	121230
EOG091500HV	utg000027l	351987	367813
EOG091500HU	utg000028l	701286	716058
EOG091500HT	utg000019l	1305976	1320713
EOG091504CF	utg000067l	860965	871369
EOG091500HQ	utg000002l	9396163	9412744
EOG091500HP	utg000011l	4679834	4693998
EOG09150BN4	utg000003l	3439979	3450278
EOG091506LK	utg000003l	3317919	3329231
EOG091506G7	utg000008l	2721932	2732277
EOG09150C0S	utg000041l	5675	16177
EOG09150425	utg000027l	1556487	1567784
EOG09150B3S	utg000001l	302053	312655
EOG091506LA	utg000002l	3190171	3201152
EOG09150E4Y	utg000067l	904681	914865
EOG091507Q2	utg000001l	1032373	1042693
EOG091504U4	utg000002l	3120769	3131893
EOG091504U5	utg000003l	3789987	3800604
EOG09150BPP	utg000067l	313945	324606
EOG091504U7	utg000031l	2368972	2380557
EOG09150AV4	utg000026l	4835581	4846213
EOG09150AV4	utg000029l	1485715	1497674
EOG091504U1	utg000001l	3352346	3363151
EOG0915042U	utg000031l	496921	507826
EOG091504UM	utg000032l	1868348	1879478
EOG091504UH	utg000003l	8314412	8325609
EOG09150B38	utg000001l	2573995	2584413
EOG091509E9	utg000002l	3590237	3601382
EOG0915042Y	utg000014l	3229199	3240242
EOG0915042X	utg000019l	903227	913857
EOG09150GVP	utg000014l	2815048	2825134
EOG0915095J	utg000032l	2127492	2138039
EOG0915095T	utg000002l	11526948	11537622
EOG0915042G	utg000031l	1669141	1679971
EOG09150GVM	utg000001l	3358415	3368820
EOG0915095Q	utg000023l	534148	544492
EOG0915042L	utg000014l	2350648	2361718
EOG0915042I	utg000014l	2529605	2541010
EOG0915042H	utg000002l	11985759	11996910
EOG091508UU	utg000002l	9535829	9546457
EOG09150EFW	utg000003l	354816	364947
EOG09150C03	utg000002l	8121778	8131974
EOG09150C03	utg000010l	1172060	1182277
EOG091509Q0	utg000026l	10139998	10151033
EOG091503GQ	utg000004l	1174021	1185398
EOG09150DPF	utg000008l	409632	422340
EOG091509Q7	utg000029l	3743887	3754770
EOG091509Q8	utg000032l	160363	170458
EOG09150D37	utg000002l	4303518	4313792
EOG091503GD	utg000029l	2273429	2284699
EOG091503GC	utg000011l	863635	874448
EOG09150A23	utg000052l	945729	956139
EOG09150A28	utg000001l	6801995	6812480
EOG09150A28	utg000032l	3227728	3238201
EOG091503GK	utg000043l	4480041	4491126
EOG091501WZ	utg000014l	3239995	3251333
EOG091501WY	utg000002l	14309568	14321666
EOG091501Y5	utg000011l	2748255	2760428
EOG091505I8	utg000026l	11811441	11822821
EOG091501WS	utg000003l	4268669	4281229
EOG09150DB9	utg000067l	908801	918970
EOG091501WP	utg000003l	8308936	8320427
EOG091501WU	utg000026l	1531594	1543365
EOG091501WU	utg000008l	157833	170546
EOG091501WU	utg000051l	1933394	1944815
EOG091501WK	utg000026l	6611379	6621804
EOG091503U5	utg000003l	7707586	7718657
EOG091509GL	utg000011l	2761727	2772641
EOG091508G4	utg000002l	11641005	11651190
EOG091501YT	utg000027l	404004	415089
EOG091501YW	utg000019l	564532	575344
EOG091501YV	utg000043l	97470	107808
EOG091505IT	utg000029l	4183814	4194738
EOG091501W1	utg000032l	3109013	3121103
EOG091501W6	utg000029l	3076954	3087724
EOG091503UM	utg000028l	2089596	2101276
EOG091503UQ	utg000026l	6728772	6744335
EOG091501YD	utg000002l	14419496	14432449
EOG091501YG	utg000002l	9148150	9158662
EOG091508GR	utg000002l	8050252	8060527
EOG091508GS	utg000026l	11359466	11369672
EOG091508GT	utg000002l	16424129	16434746
EOG091501YN	utg000003l	7303946	7314442
EOG091503G5	utg000003l	8523735	8535221
EOG09150A2E	utg000003l	2624792	2634920
EOG09150A2F	utg000014l	2994242	3004725
EOG091503G1	utg000003l	1772347	1783544
EOG091503G0	utg000014l	3210514	3221771
EOG09150A2L	utg000026l	6457084	6467728
EOG09150AH1	utg000070l	73897	84347
EOG09150AH1	utg000027l	3163072	3173468
EOG09150A2N	utg000001l	7228847	7239335
EOG091503G9	utg000028l	1153914	1164829
EOG09150D3U	utg000023l	538508	548764
EOG09150DP1	utg000032l	6031830	6042054
EOG09150A2R	utg000041l	1278558	1288838
EOG091509QM	utg000026l	4670307	4681097
EOG091501EL	utg000008l	2577975	2589988
EOG09150313	utg000002l	13140402	13150738
EOG091501EC	utg000034l	1098459	1109635
EOG091509WN	utg000002l	1886998	1897132
EOG091507IF	utg000043l	4628345	4639537
EOG091501ES	utg000032l	4254671	4267396
EOG091501ER	utg000026l	2214999	2226253
EOG091509MM	utg000002l	8786503	8798050
EOG0915022F	utg000052l	171817	183263
EOG091509ME	utg000008l	2548061	2558543
EOG0915022J	utg000002l	5930427	5940912
EOG091509MG	utg000001l	5922266	5932887
EOG0915022H	utg000043l	879852	892242
EOG0915022O	utg000008l	921887	932936
EOG0915022Q	utg000026l	3174016	3186338
EOG0915022Q	utg000008l	301130	312602
EOG0915022U	utg000001l	7552295	7562546
EOG0915022Z	utg000004l	664307	675032
EOG0915022Y	utg000026l	3530256	3542220
EOG091507W4	utg000002l	15677143	15698231
EOG09150FJG	utg000026l	1194546	1204728
EOG091507WM	utg000031l	117818	128661
EOG091508OC	utg000026l	9722349	9732441
EOG091507WB	utg000029l	1989722	2001559
EOG091507WY	utg000002l	12613	23028
EOG09150227	utg000001l	7256305	7267349
EOG091501VA	utg000026l	3333566	3344810
EOG091507WQ	utg000029l	1142394	1153795
EOG09150229	utg000002l	11536328	11546907
EOG091507WT	utg000026l	6000088	6010961
EOG0915031Y	utg000029l	3061372	3073715
EOG0915031R	utg000008l	2525354	2536160
EOG0915031Q	utg000032l	1116881	1127952
EOG0915031P	utg000027l	122068	133769
EOG0915031J	utg000033l	1621114	1632864
EOG091501E5	utg000031l	764387	776576
EOG091501E4	utg000091l	416851	428643
EOG0915031D	utg000026l	4365300	4376754
EOG091501E3	utg000003l	2664959	2677668
EOG091501E2	utg000026l	4334200	4346223
EOG0915004Z	utg000002l	16907925	16926428
EOG0915004S	utg000003l	138585	159148
EOG0915004R	utg000001l	7561270	7575701
EOG091502MT	utg000011l	5577280	5587554
EOG0915004P	utg000032l	3138161	3153279
EOG091502MS	utg000032l	3218545	3230221
EOG0915004N	utg000032l	5363367	5381313
EOG09150CWC	utg000051l	1586092	1596292
EOG091502MF	utg000051l	1581472	1592456
EOG0915004B	utg000002l	1633147	1651147
EOG0915004G	utg000043l	4407719	4420986
EOG0915004D	utg000001l	7230800	7249979
EOG091500IL	utg000019l	183107	196538
EOG091506HH	utg000001l	6249969	6261089
EOG091500IO	utg000003l	4632230	4645989
EOG091506HM	utg000044l	329614	340213
EOG091504DY	utg000002l	9262660	9273133
EOG091504DU	utg000026l	11072381	11082947
EOG09150AGW	utg000026l	11192292	11202677
EOG09150AGV	utg000026l	3879057	3889479
EOG09150139	utg000011l	799759	812254
EOG09150138	utg000026l	596190	608876
EOG09150138	utg000003l	7714161	7726077
EOG091506HY	utg000052l	1248358	1258544
EOG091504DN	utg000034l	965400	975542
EOG09150AGM	utg000003l	6974605	6985271
EOG091507CD	utg000091l	582397	593072
EOG091500IW	utg000027l	109726	120770
EOG091500IW	utg000052l	1458105	1469132
EOG091500IR	utg000034l	297727	315506
EOG09150AGD	utg000026l	3322954	3333259
EOG0915013W	utg000008l	2110157	2122044
EOG09150AIR	utg000051l	506905	518148
EOG0915013R	utg000028l	2192221	2202637
EOG0915013Q	utg000002l	15873247	15886024
EOG09150CDL	utg000003l	260010	270388
EOG091504D5	utg000014l	3620882	3631260
EOG09150A3P	utg000002l	9814449	9824901
EOG0915013Y	utg000053l	1458776	1470305
EOG09150CDM	utg000029l	3371939	3382187
EOG0915013F	utg000033l	1633401	1646239
EOG0915013F	utg000026l	0	9785
EOG09150H4A	utg000043l	3289120	3299407
EOG09150CEP	utg000043l	3717669	3728450
EOG091500I8	utg000014l	1785934	1798506
EOG091500I9	utg000052l	996735	1008125
EOG09150AIF	utg000031l	2207436	2217953
EOG0915013O	utg000003l	789741	802414
EOG0915013N	utg000053l	864336	874929
EOG0915013L	utg000026l	8336254	8347170
EOG091500I1	utg000032l	5639257	5650758
EOG09150CDQ	utg000002l	3747192	3757576
EOG091502M3	utg000002l	13258652	13270141
EOG091502M1	utg000001l	5042734	5053647
EOG091504VA	utg000026l	5886082	5896884
EOG091506GK	utg000002l	15773645	15783938
EOG091506V7	utg000002l	3545685	3557614
EOG091504VK	utg000004l	901335	912198
EOG091504VM	utg000026l	3639447	3650803
EOG0915094J	utg000043l	2677224	2687331
EOG0915094K	utg000002l	3592843	3603804
EOG09150544	utg000043l	4424550	4434762
EOG091504VR	utg000032l	1403143	1414314
EOG09150543	utg000027l	277344	290472
EOG09150543	utg000002l	6861429	6872331
EOG09150AUZ	utg000002l	10839768	10850517
EOG091505Q0	utg000031l	3223301	3234250
EOG09150BOV	utg000034l	1996771	2007289
EOG09150EEJ	utg000033l	1232938	1243316
EOG0915043G	utg000032l	665765	676889
EOG091508VK	utg000043l	2686897	2697703
EOG091508VV	utg000002l	781730	792371
EOG0915043R	utg000031l	3060974	3072157
EOG09150BO8	utg000002l	16884670	16895345
EOG09150438	utg000027l	252954	264126
EOG09150438	utg000029l	2665925	2676908
EOG09150GGZ	utg000011l	1525963	1536300
EOG091508V3	utg000003l	3415795	3426287
EOG09150EE6	utg000029l	773562	783902
EOG09150431	utg000010l	150744	161911
EOG091508V9	utg000003l	3774217	3784520
EOG09150434	utg000001l	2659597	2674227
EOG091506VR	utg000026l	2537935	2549269
EOG091506VU	utg000067l	886881	900217
EOG0915054L	utg000032l	2133827	2144365
EOG0915054I	utg000001l	3299977	3310954
EOG0915054I	utg000032l	5402849	5413571
EOG0915054I	utg000023l	159953	170632
EOG0915054W	utg000002l	7382953	7394372
EOG091504V3	utg000026l	9770505	9781542
EOG0915054R	utg000008l	1635212	1645636
EOG091504V4	utg000026l	1247501	1258625
EOG091506VE	utg000026l	11598996	11609136
EOG091504V6	utg000001l	1130803	1141511
EOG091504V8	utg000019l	1398602	1409198
EOG09150EKJ	utg000003l	8216628	8227069
EOG091501XT	utg000004l	922777	933945
EOG091503TC	utg000003l	205251	216475
EOG091503TI	utg000014l	2893899	2905305
EOG091505HX	utg000003l	3325076	3336241
EOG091505HD	utg000001l	5348137	5358634
EOG091501XN	utg000026l	10447291	10459489
EOG091501XO	utg000043l	2628068	2640714
EOG091503TZ	utg000026l	6693092	6703967
EOG091505HN	utg000037l	25687	36796
EOG091505HM	utg000019l	1359218	1371601
EOG091509PW	utg000032l	3290762	3301057
EOG091509PP	utg000032l	2015286	2026231
EOG09150D4L	utg000026l	11205930	11216395
EOG09150A1L	utg000042l	38335	48824
EOG091509PH	utg000026l	4679261	4689779
EOG09150D45	utg000028l	425322	435462
EOG09150A12	utg000032l	1895403	1906095
EOG09150A17	utg000026l	6696939	6707555
EOG09150D40	utg000026l	8608178	8618443
EOG09150CDR	utg000029l	4244358	4254771
EOG09150C3U	utg000008l	2542208	2552999
EOG09150C3X	utg000001l	4783410	4793835
EOG091501X6	utg000002l	16414516	16426665
EOG091505H3	utg000001l	4720052	4731004
EOG09150B0W	utg000002l	5123175	5133595
EOG091505H1	utg000032l	959764	970942
EOG09150B0Q	utg000032l	1086258	1096804
EOG091505H5	utg000031l	443764	454069
EOG091504XB	utg000031l	1279993	1290493
EOG091505H9	utg000070l	57261	70072
EOG091504XF	utg000014l	3510905	3522135
EOG09150B0L	utg000011l	882517	892826
EOG09150CQ8	utg000002l	11517550	11527729
EOG091507VN	utg000031l	775909	786712
EOG091507VO	utg000026l	12070771	12081056
EOG091507VO	utg000002l	11517556	11527777
EOG09150AXL	utg000002l	3618792	3629174
EOG091501V0	utg000004l	2305244	2316898
EOG091503F1	utg000032l	1082285	1092861
EOG09150E99	utg000003l	5859494	5869753
EOG09150E99	utg000026l	7817122	7827407
EOG0915030T	utg000032l	2756085	2767117
EOG09150DCC	utg000003l	5063269	5073666
EOG09150HFJ	utg000032l	1442122	1452361
EOG09150HFJ	utg000002l	4307764	4317958
EOG0915030L	utg000002l	6866884	6877958
EOG0915030O	utg000041l	168722	180950
EOG09150HFX	utg000026l	2111806	2122122
EOG0915030B	utg000026l	638620	648802
EOG09150DCU	utg000010l	199229	209535
EOG09150662	utg000032l	2278973	2290057
EOG09150E9V	utg000001l	2501255	2511593
EOG09150300	utg000031l	2556458	2568253
EOG09150BNB	utg000004l	1924514	1934915
EOG091509HL	utg000034l	2014954	2025345
EOG091501VY	utg000002l	8589456	8601746
EOG091501VZ	utg000026l	5934297	5946556
EOG091503FO	utg000002l	9127509	9138996
EOG091503FL	utg000031l	1193545	1205683
EOG091501VR	utg000026l	3451297	3462136
EOG091503FA	utg000062l	139709	156506
EOG091501VT	utg000043l	2615311	2625719
EOG091501VK	utg000002l	4311780	4324059
EOG091501VO	utg000001l	4322847	4334870
EOG091503FS	utg000002l	13553912	13564744
EOG091501VB	utg000031l	2033376	2045202
EOG091501VC	utg000001l	6986920	6999095
EOG091503FW	utg000032l	1684485	1695521
EOG091503FW	utg000026l	10127425	10138261
EOG091501VG	utg000001l	6235947	6247685
EOG0915012U	utg000026l	1332550	1345040
EOG0915012V	utg000032l	4455907	4468776
EOG09150668	utg000002l	10908246	10919206
EOG0915012S	utg000026l	1530880	1543467
EOG0915012S	utg000011l	3192553	3204582
EOG09150CDH	utg000019l	1009127	1019780
EOG091500XU	utg000026l	1604540	1616710
EOG09150AHZ	utg000002l	10981312	10991627
EOG0915012Y	utg000019l	570850	582585
EOG091500XP	utg000026l	8804914	8816568
EOG091509L2	utg000002l	14808796	14818948
EOG091500XN	utg000019l	442560	455717
EOG09150232	utg000008l	2732769	2744219
EOG0915012A	utg000132l	92254	105022
EOG0915012B	utg000008l	2804984	2819120
EOG09150237	utg000003l	1585804	1598847
EOG09150237	utg000071l	22731	34233
EOG0915012N	utg000011l	2683328	2695410
EOG091500XD	utg000002l	16365181	16378630
EOG091500XC	utg000027l	128305	142127
EOG0915058O	utg000001l	6240339	6253420
EOG091501D2	utg000001l	131683	147706
EOG091501D3	utg000027l	1606854	1618183
EOG09150GWS	utg000027l	2440048	2454825
EOG091501D1	utg000011l	4760003	4772739
EOG091501D7	utg000010l	3242939	3253649
EOG091501D8	utg000051l	848861	861225
EOG091503OG	utg000029l	1654947	1666893
EOG091501DA	utg000070l	62250	74975
EOG091507HU	utg000001l	3419676	3429989
EOG091501DE	utg000026l	553272	565298
EOG091507HX	utg000034l	188747	198875
EOG091501DO	utg000001l	1987114	1999047
EOG091501DM	utg000029l	4092353	4103513
EOG091501DS	utg000019l	1465874	1479699
EOG0915099X	utg000044l	611058	621576
EOG0915023A	utg000011l	5150629	5164785
EOG09150AH4	utg000010l	3249151	3259807
EOG091500X9	utg000043l	912668	925553
EOG091500X8	utg000052l	468084	480672
EOG0915023H	utg000011l	1576212	1587213
EOG091500X5	utg000001l	1678986	1690182
EOG0915023G	utg000010l	1323515	1334855
EOG09150128	utg000051l	214332	226998
EOG0915023P	utg000033l	1213621	1225440
EOG09150JA6	utg000004l	551663	561944
EOG091509LT	utg000003l	8232825	8244754
EOG0915023X	utg000019l	1401464	1414429
EOG09150A6D	utg000002l	15581516	15592167
EOG091504E9	utg000026l	3564199	3575995
EOG091500X3	utg000026l	10969897	10982521
EOG091504E2	utg000003l	1743026	1757037
EOG091504E3	utg000014l	2812386	2823730
EOG091500J6	utg000026l	11133936	11146821
EOG091500J8	utg000001l	2068182	2080373
EOG09150CV0	utg000029l	944642	955173
EOG091506I5	utg000026l	6592190	6602511
EOG09150CV5	utg000033l	1473426	1483709
EOG09150CV5	utg000010l	3588604	3598831
EOG091502B3	utg000001l	5527229	5539284
EOG091509LR	utg000029l	4171980	4182738
EOG091501OH	utg000043l	898546	910920
EOG091502B7	utg000001l	6687507	6698361
EOG091502B5	utg000002l	4921789	4932282
EOG09150052	utg000004l	24217	40168
EOG091502B8	utg000003l	808461	820346
EOG09150055	utg000031l	586305	603228
EOG09150056	utg000011l	3828093	3841723
EOG09150ARL	utg000029l	2992132	3002404
EOG091506WC	utg000001l	7576369	7587710
EOG091506WC	utg000053l	1530161	1540952
EOG0915066Y	utg000011l	5223810	5235013
EOG091502BS	utg000002l	7123837	7135557
EOG091502BZ	utg000029l	3362839	3374382
EOG0915005S	utg000010l	326620	341977
EOG0915005U	utg000026l	6060724	6077656
EOG0915005K	utg000034l	1404726	1418896
EOG091502BG	utg000001l	1931162	1941898
EOG0915005D	utg000033l	920394	934094
EOG091506IK	utg000001l	3269320	3280072
EOG091500JG	utg000008l	1312359	1326001
EOG091500JI	utg000032l	6192710	6205885
EOG091506IC	utg000002l	1520756	1531667
EOG091504ER	utg000029l	3066421	3078240
EOG091500JP	utg000008l	46265	60372
EOG091504EO	utg000026l	8411090	8422845
EOG091503D9	utg000032l	3797328	3809424
EOG091509M9	utg000032l	4449375	4459476
EOG091504EB	utg000001l	3049699	3061251
EOG091504EC	utg000002l	3013197	3025645
EOG0915059M	utg000004l	529584	541286
EOG091507OJ	utg000002l	15855443	15866324
EOG09150ARR	utg000033l	0	7975
EOG0915059K	utg000034l	2323817	2341030
EOG0915084K	utg000001l	5128363	5138614
EOG091500FZ	utg000002l	16891452	16906790
EOG091508W5	utg000011l	3113839	3124590
EOG0915066K	utg000003l	8463107	8474691
EOG0915084W	utg000034l	1214004	1224138
EOG09150688	utg000028l	1420830	1433917
EOG0915066H	utg000001l	4884038	4894835
EOG09150GX9	utg000004l	1052806	1063158
EOG091504YC	utg000002l	5163610	5175811
EOG091504YE	utg000026l	907879	922399
EOG091504YG	utg000043l	703318	713587
EOG091504W7	utg000002l	7101726	7112338
EOG091502KA	utg000067l	900743	911114
EOG091504YS	utg000011l	957502	973125
EOG091504YT	utg000033l	1487236	1498434
EOG091504YU	utg000002l	1843471	1854826
EOG091500DI	utg000032l	3181354	3192104
EOG091504WA	utg000026l	6173106	6184097
EOG091504WN	utg000002l	12181061	12192052
EOG091509YM	utg000001l	6723187	6733904
EOG091500DA	utg000002l	99385	114355
EOG091500DG	utg000051l	686340	700164
EOG091504WH	utg000002l	12185679	12196260
EOG091504WV	utg000032l	1550379	1561353
EOG0915024I	utg000043l	4608467	4619858
EOG091504WT	utg000002l	8643584	8654076
EOG0915068J	utg000003l	4621735	4632188
EOG091504WP	utg000003l	8728820	8739688
EOG091500DQ	utg000011l	3013416	3026311
EOG0915093A	utg000001l	4320065	4330385
EOG0915044N	utg000031l	1714765	1726169
EOG0915044J	utg000003l	688875	699851
EOG0915044F	utg000002l	14048296	14060025
EOG0915044D	utg000034l	1465704	1476843
EOG0915044C	utg000002l	3672552	3684044
EOG091508WU	utg000041l	1270	11491
EOG091506NH	utg000019l	1543798	1554780
EOG09150599	utg000011l	3810169	3821151
EOG09150594	utg000011l	2777114	2787788
EOG09150848	utg000023l	1758843	1770650
EOG09150FZ4	utg000033l	929494	939637
EOG09150A06	utg000091l	374196	384540
EOG09150DRP	utg000032l	1079179	1089526
EOG09150EVE	utg000051l	1584786	1594875
EOG091501QM	utg000043l	668184	678399
EOG09150DRY	utg000001l	1676666	1687003
EOG091501QL	utg000008l	1616862	1628624
EOG091503AL	utg000027l	2515419	2526779
EOG091501UX	utg000032l	3551714	3561926
EOG091503AH	utg000011l	2617308	2630467
EOG091501UU	utg000052l	472932	484117
EOG091501UT	utg000026l	3595867	3607170
EOG091503AB	utg000026l	5393710	5404942
EOG091505O9	utg000002l	2822668	2834555
EOG091503W6	utg000003l	4059617	4071183
EOG091503AZ	utg000004l	1861061	1872194
EOG091503AW	utg000003l	880117	890398
EOG091501UD	utg000026l	6014349	6024702
EOG09150EJ3	utg000043l	3897465	3907731
EOG091501UA	utg000002l	2571830	2582227
EOG09150360	utg000001l	4303255	4314639
EOG091505OW	utg000002l	6470102	6480542
EOG091506WP	utg000026l	9505035	9516075
EOG091508AN	utg000002l	15736150	15747001
EOG09150BRP	utg000033l	468523	479201
EOG09150863	utg000001l	6502645	6513066
EOG091503WB	utg000026l	2715895	2727874
EOG091503WB	utg000014l	1794271	1808243
EOG091503WB	utg000051l	372400	384311
EOG091503WO	utg000026l	4994567	5005754
EOG091501U0	utg000011l	4703792	4714708
EOG091505OY	utg000027l	1585149	1595552
EOG091505OE	utg000001l	817655	829402
EOG091502B0	utg000002l	11466881	11478511
EOG091508AX	utg000029l	1999470	2010111
EOG091503A4	utg000034l	2589896	2601993
EOG09150EJT	utg000028l	1802622	1812732
EOG091505OJ	utg000032l	3161493	3172663
EOG091503WZ	utg000010l	1922152	1933867
EOG09150A0Z	utg000001l	1473894	1484971
EOG09150D5Y	utg000008l	1833676	1843985
EOG09150A0Y	utg000051l	817892	828606
EOG09150A0T	utg000002l	2907553	2917996
EOG09150A0S	utg000008l	2797158	2810010
EOG09150A0S	utg000002l	11526957	11537625
EOG09150D5R	utg000010l	831734	841964
EOG09150A0J	utg000026l	627113	637885
EOG09150A0I	utg000002l	13289076	13299622
EOG09150331	utg000002l	3265286	3276687
EOG091507KS	utg000029l	2392445	2402921
EOG09150336	utg000008l	2659235	2669667
EOG09150339	utg000011l	5920564	5931840
EOG091505TD	utg000008l	2618698	2628847
EOG091507KA	utg000029l	192258	202986
EOG091501CY	utg000032l	5396324	5407945
EOG091501CX	utg000023l	2491319	2503689
EOG0915020D	utg000032l	6144856	6157330
EOG0915020F	utg000043l	2635413	2647272
EOG0915020A	utg000011l	2532633	2544223
EOG091509KK	utg000028l	1168988	1179845
EOG0915020U	utg000070l	12502	22924
EOG0915020Q	utg000029l	4263831	4274619
EOG0915020P	utg000003l	429211	440038
EOG0915020P	utg000031l	2557518	2568256
EOG091509KP	utg000026l	4057146	4067292
EOG091507YG	utg000043l	640875	651286
EOG09150258	utg000003l	5869377	5880301
EOG09150CRK	utg000001l	5925439	5935932
EOG091509K4	utg000011l	3190917	3201940
EOG09150203	utg000003l	818594	831126
EOG091507TP	utg000043l	1958738	1969280
EOG09150209	utg000026l	11437207	11448137
EOG0915033P	utg000001l	6463840	6475152
EOG0915033T	utg000026l	66996	78126
EOG0915033W	utg000011l	3551100	3564037
EOG0915033V	utg000011l	3460299	3473772
EOG0915033X	utg000027l	2924367	2936015
EOG091509YN	utg000004l	2433776	2444264
EOG091507K8	utg000008l	2148716	2159328
EOG09150HGH	utg000014l	1378142	1388279
EOG091501C4	utg000002l	6441790	6451998
EOG091501C2	utg000008l	2687793	2699018
EOG091501C2	utg000004l	2511384	2521701
EOG091501C2	utg000041l	1560653	1571231
EOG0915033F	utg000003l	7684173	7694244
EOG091506W0	utg000008l	728208	738396
EOG091502CT	utg000032l	4277414	4289662
EOG091502CW	utg000010l	3598849	3610271
EOG0915006U	utg000011l	3566046	3582142
EOG0915006W	utg000011l	1898608	1915111
EOG0915006S	utg000028l	2056456	2071753
EOG0915006M	utg000013l	429196	443762
EOG09150118	utg000028l	112226	124968
EOG0915006N	utg000026l	4041491	4057604
EOG0915006H	utg000034l	2485349	2500516
EOG091502CH	utg000067l	683310	696400
EOG0915006G	utg000033l	1258589	1273216
EOG091502CO	utg000026l	4799499	4811326
EOG091506FC	utg000019l	993010	1004145
EOG091505XR	utg000026l	6484236	6495296
EOG091500KE	utg000001l	3401793	3414012
EOG091500KB	utg000003l	1728264	1739605
EOG09150AEX	utg000077l	18958	29242
EOG091504FV	utg000026l	4277481	4290026
EOG091500KN	utg000034l	84536	98581
EOG091500Y5	utg000011l	3560461	3574739
EOG091500KL	utg000029l	2490533	2505112
EOG091500KM	utg000024l	314020	339055
EOG091500KJ	utg000002l	8586278	8598580
EOG091506FN	utg000026l	6515250	6525721
EOG091500KH	utg000026l	8441677	8456020
EOG091506FQ	utg000019l	1238562	1249227
EOG091500KU	utg000026l	5029962	5045092
EOG09150HQ9	utg000002l	9281351	9291760
EOG091500KP	utg000008l	1695770	1706727
EOG091506FZ	utg000031l	780792	790998
EOG091506FX	utg000028l	1201823	1212706
EOG091500KZ	utg000002l	2815522	2829714
EOG09150CG8	utg000001l	5341726	5352492
EOG09150AEB	utg000019l	1376665	1387355
EOG09150CGD	utg000027l	320533	331123
EOG09150CGD	utg000002l	7139981	7150373
EOG09150CGD	utg000014l	77875	88201
EOG091500YW	utg000052l	1224166	1236335
EOG09150AE2	utg000070l	146105	156983
EOG091500YL	utg000008l	2764830	2778710
EOG091500K7	utg000026l	6631645	6646017
EOG091500K4	utg000002l	11662127	11677771
EOG091500K4	utg000032l	2872926	2884904
EOG091500K4	utg000043l	2041242	2052166
EOG091500YO	utg000062l	416367	429833
EOG091500K2	utg000032l	2647646	2660138
EOG091500K3	utg000003l	8248607	8262500
EOG091506F5	utg000010l	3554518	3564631
EOG091500K1	utg000029l	1431600	1445446
EOG091500YE	utg000002l	4878063	4890193
EOG0915011I	utg000029l	4060294	4072849
EOG0915011H	utg000026l	3612673	3626560
EOG0915011M	utg000032l	452124	462536
EOG0915011L	utg000032l	4103871	4116361
EOG091502C7	utg000026l	10853481	10865150
EOG091502C9	utg000060l	48915	59835
EOG0915011B	utg000029l	2401170	2413536
EOG0915011E	utg000019l	1063378	1073940
EOG09150060	utg000085l	211712	222817
EOG0915011F	utg000002l	12240575	12254172
EOG0915011P	utg000002l	3035770	3049253
EOG0915011W	utg000021l	19716	33206
EOG091506T5	utg000067l	348647	359367
EOG091500EK	utg000034l	1677143	1688859
EOG0915092X	utg000010l	901639	912210
EOG091500EO	utg000028l	1387955	1403816
EOG0915069T	utg000027l	19793	30630
EOG0915092W	utg000028l	2062021	2073504
EOG09150ASI	utg000034l	1617153	1628156
EOG09150ASI	utg000026l	4835578	4846177
EOG091504HT	utg000001l	3342711	3353785
EOG091500EX	utg000041l	1540753	1551358
EOG09150ASV	utg000008l	328974	339132
EOG091500EZ	utg000009l	121310	134322
EOG091504HH	utg000002l	13091638	13104228
EOG091504HN	utg000008l	288278	299390
EOG091504HM	utg000001l	562566	573990
EOG0915069F	utg000001l	5661128	5671753
EOG091504HB	utg000043l	2887285	2898641
EOG091500ER	utg000003l	1317478	1327816
EOG091500EW	utg000043l	1535167	1549432
EOG0915045O	utg000003l	5649393	5661185
EOG091506XY	utg000041l	961386	971799
EOG0915045E	utg000051l	1893964	1905173
EOG0915045G	utg000003l	8538562	8549282
EOG091508PJ	utg000019l	1141704	1152738
EOG091508PH	utg000003l	4781621	4792320
EOG091508PC	utg000002l	4722921	4733882
EOG09150097	utg000026l	856271	870734
EOG09150AJP	utg000052l	1770549	1781199
EOG091508P5	utg000003l	8820899	8832733
EOG09150EUZ	utg000002l	9685242	9695383
EOG09150456	utg000029l	174330	185633
EOG09150456	utg000044l	73880	85115
EOG09150456	utg000026l	2556695	2567734
EOG09150480	utg000011l	879444	890995
EOG09150480	utg000004l	128646	150119
EOG09150928	utg000029l	1464941	1475108
EOG09150699	utg000026l	10754841	10765742
EOG091504H2	utg000004l	2101256	2111424
EOG091504H7	utg000051l	1920803	1932929
EOG091506TZ	utg000027l	408720	420195
EOG091506TZ	utg000008l	718864	729638
EOG091506IF	utg000001l	4663679	4674481
EOG091506TN	utg000011l	3637323	3647657
EOG091500E5	utg000003l	4771369	4784008
EOG091506TK	utg000010l	1861830	1872734
EOG091506RF	utg000026l	2890215	2901168
EOG091508BJ	utg000010l	332737	343418
EOG091505NX	utg000002l	15619236	15630320
EOG091505NZ	utg000044l	616850	627987
EOG091508BQ	utg000001l	4803148	4814120
EOG091505NE	utg000026l	8448427	8459279
EOG091503VI	utg000052l	269511	280484
EOG091500JO	utg000001l	3751389	3761966
EOG09150BSI	utg000002l	1578209	1588439
EOG09150BSK	utg000043l	2610635	2620814
EOG091504Z3	utg000010l	2109015	2120166
EOG091504Z3	utg000019l	1239601	1250507
EOG091504Z2	utg000002l	6159076	6170250
EOG09150F6S	utg000026l	9723855	9734135
EOG09150851	utg000002l	9185548	9196061
EOG09150581	utg000027l	2049476	2060048
EOG09150BM8	utg000010l	1171959	1182194
EOG09150D6H	utg000027l	3234995	3250154
EOG09150BM3	utg000003l	5600946	5611421
EOG0915058A	utg000019l	1542106	1553248
EOG0915058A	utg000052l	176850	187734
EOG091500WS	utg000026l	1612925	1625041
EOG0915058J	utg000011l	3150619	3161543
EOG0915058J	utg000003l	4459000	4469521
EOG0915058H	utg000003l	6871313	6881666
EOG0915058H	utg000032l	1117319	1127613
EOG091502GN	utg000002l	10403435	10415131
EOG0915058L	utg000043l	87252	98478
EOG0915058S	utg000033l	1046241	1057118
EOG0915058W	utg000026l	3406002	3416490
EOG09150BMT	utg000010l	726487	736651
EOG09150B7C	utg000026l	3323707	3334484
EOG09150BMS	utg000001l	4808134	4818742
EOG091504ZM	utg000052l	783587	794947
EOG091503V9	utg000053l	869013	880404
EOG091504ZH	utg000052l	492697	503411
EOG091509LE	utg000026l	6351099	6361584
EOG091508CT	utg000011l	1528867	1539004
EOG091504ZC	utg000026l	7437014	7447410
EOG091504ZB	utg000002l	5307360	5317887
EOG091504ZU	utg000003l	8535379	8546694
EOG091504ZU	utg000026l	4058782	4069423
EOG09150BPA	utg000031l	2482227	2492822
EOG091504ZQ	utg000003l	8467716	8478832
EOG091508CS	utg000011l	461724	472633
EOG091501T2	utg000008l	1642860	1654551
EOG09150D8Z	utg000003l	2111728	2121948
EOG091501T9	utg000002l	11936046	11947500
EOG09150D8I	utg000026l	2872857	2883094
EOG091507XV	utg000032l	1611959	1623168
EOG091507XY	utg000008l	913740	924777
EOG09150D8G	utg000035l	616162	626420
EOG091508L5	utg000002l	7585720	7619386
EOG0915002Y	utg000032l	1460924	1478721
EOG0915032P	utg000003l	8511504	8522839
EOG091506BN	utg000032l	4892892	4903298
EOG0915032Y	utg000002l	1867955	1878314
EOG0915032G	utg000003l	2248652	2259231
EOG0915032C	utg000008l	721208	733286
EOG09150DEZ	utg000001l	4316879	4327220
EOG0915032N	utg000026l	10750473	10761720
EOG0915032O	utg000011l	1592783	1603705
EOG0915032L	utg000008l	1638404	1650288
EOG0915032I	utg000003l	5671654	5683473
EOG09150DSP	utg000010l	1757121	1767246
EOG09150328	utg000026l	5409319	5420016
EOG09150831	utg000008l	548346	559258
EOG09150831	utg000051l	344705	355600
EOG09150DE4	utg000026l	7698685	7708939
EOG091501TV	utg000002l	3196123	3207351
EOG091508LN	utg000026l	9729558	9739891
EOG091508LN	utg000003l	7072576	7082848
EOG091502GP	utg000026l	6380118	6396062
EOG091501TX	utg000027l	2911513	2923427
EOG0915002T	utg000066l	155257	169501
EOG091508LZ	utg000031l	2471096	2482566
EOG091501TA	utg000011l	4811166	4823027
EOG0915002W	utg000028l	1621157	1638226
EOG091501TK	utg000010l	682466	694860
EOG091501TH	utg000002l	16324130	16334412
EOG091502GS	utg000026l	2987548	2998312
EOG091500ZQ	utg000003l	8710758	8725714
EOG091500ZT	utg000002l	6821809	6834345
EOG091500ZW	utg000034l	819038	831473
EOG091500ZV	utg000026l	1643058	1655505
EOG091500ZX	utg000137l	16542	29356
EOG09150210	utg000008l	2006128	2016562
EOG091502RN	utg000008l	829468	840055
EOG091500ZC	utg000026l	3006706	3019345
EOG091502QY	utg000002l	2528700	2539907
EOG091500ZD	utg000001l	1973150	1986033
EOG09150CFM	utg000002l	7908293	7918716
EOG091507J3	utg000001l	7151289	7162284
EOG091500ZJ	utg000043l	2615495	2627765
EOG091500ZL	utg000008l	692516	704979
EOG091500ZO	utg000026l	9696095	9706994
EOG0915010O	utg000052l	483352	499644
EOG0915010L	utg000001l	1081457	1094652
EOG0915010I	utg000002l	11869280	11879469
EOG0915010F	utg000026l	7442409	7455525
EOG0915010E	utg000031l	1148336	1162101
EOG091501B6	utg000003l	5540023	5552603
EOG091501B2	utg000028l	243296	255317
EOG0915010T	utg000043l	2375654	2387714
EOG0915010T	utg000011l	3779107	3790442
EOG0915010U	utg000011l	5114467	5125195
EOG0915010R	utg000028l	1164855	1177401
EOG091502QP	utg000002l	4338024	4348515
EOG0915010P	utg000031l	2458363	2469637
EOG0915010Q	utg000026l	11121884	11132725
EOG091501BE	utg000001l	1570650	1585703
EOG091501BC	utg000051l	317254	329719
EOG091501BN	utg000002l	3249317	3267931
EOG091501BI	utg000004l	541184	552488
EOG091501BJ	utg000026l	814389	824686
EOG091501BU	utg000042l	408184	418971
EOG09150108	utg000034l	1627956	1640642
EOG09150102	utg000002l	2640919	2653077
EOG091500Z3	utg000034l	1286230	1299614
EOG091500Z7	utg000003l	8530567	8543677
EOG091507JA	utg000001l	6279166	6289732
EOG09150CCC	utg000002l	9687287	9697523
EOG0915021J	utg000002l	2605273	2617299
EOG09150F99	utg000026l	2554779	2565194
EOG091502R6	utg000031l	1163673	1176789
EOG0915021L	utg000026l	9506988	9521291
EOG091502R4	utg000001l	6422482	6435087
EOG0915021C	utg000034l	1263658	1275058
EOG091509JY	utg000003l	8365524	8375601
EOG0915021D	utg000001l	5862574	5873879
EOG0915021D	utg000026l	4857156	4868174
EOG091500T9	utg000137l	41514	54779
EOG091504G5	utg000002l	2623381	2635045
EOG091504G2	utg000010l	3210943	3223240
EOG091504G1	utg000031l	215797	226437
EOG091504G1	utg000002l	6443208	6453865
EOG091500T3	utg000010l	3197366	3208468
EOG091500T0	utg000001l	6517743	6530155
EOG091504G8	utg000002l	15620948	15632335
EOG091504G9	utg000003l	150694	162103
EOG091506G4	utg000009l	72009	82585
EOG091506G5	utg000041l	473228	483635
EOG091502G5	utg000091l	272573	285402
EOG09150070	utg000008l	267020	283594
EOG091509JR	utg000002l	13254738	13264938
EOG0915039H	utg000003l	4063324	4076268
EOG091506DL	utg000003l	5585721	5595983
EOG0915007S	utg000067l	1101053	1114876
EOG0915007Q	utg000002l	9404687	9420929
EOG0915007U	utg000032l	4857103	4871905
EOG0915007X	utg000026l	9924066	9938599
EOG091501AW	utg000053l	801058	812235
EOG0915007E	utg000003l	7081338	7095014
EOG0915007K	utg000002l	15885728	15902399
EOG09150AW1	utg000026l	1779195	1789362
EOG0915007O	utg000052l	1173050	1186048
EOG09150147	utg000032l	2577058	2589802
EOG091504GV	utg000026l	2333814	2345225
EOG09150ADQ	utg000003l	5241326	5251811
EOG091500TP	utg000011l	3110297	3122468
EOG091506GL	utg000003l	1725397	1736708
EOG091500D6	utg000002l	1465260	1484254
EOG091506GS	utg000043l	2123580	2134662
EOG09150CPZ	utg000052l	326482	337132
EOG091504GA	utg000026l	8765971	8779095
EOG091500TC	utg000043l	205750	216592
EOG091500TA	utg000002l	14303028	14315472
EOG09150CPQ	utg000043l	3777254	3787697
EOG09150149	utg000027l	2052634	2065632
EOG091508Q4	utg000033l	761430	771957
EOG091508Q7	utg000026l	11555403	11565911
EOG09150BBO	utg000028l	1159072	1169551
EOG09150BBO	utg000043l	599457	609906
EOG09150BBO	utg000067l	967944	978303
EOG09150BBN	utg000029l	3786455	3796848
EOG09150460	utg000001l	6692382	6703161
EOG09150460	utg000002l	15579134	15589861
EOG09150462	utg000043l	2811889	2822589
EOG09150BBW	utg000014l	3226693	3237076
EOG09150BBV	utg000002l	12893881	12904544
EOG0915086S	utg000027l	44975	55634
EOG0915086X	utg000002l	15197647	15208396
EOG091504I9	utg000003l	6992285	7004512
EOG09150DOE	utg000014l	1228414	1238802
EOG09150666	utg000026l	7469121	7480020
EOG09150916	utg000003l	5064065	5074802
EOG09150918	utg000001l	5827296	5837433
EOG091500DL	utg000026l	8740769	8754748
EOG091500DC	utg000003l	4992197	5005408
EOG09150AR1	utg000027l	2311145	2321627
EOG091506U2	utg000014l	1000109	1011038
EOG091500F0	utg000026l	11291080	11302966
EOG091506UK	utg000051l	291373	302480
EOG091504IZ	utg000023l	1062284	1073348
EOG091506UN	utg000001l	5926320	5937307
EOG091500FE	utg000001l	6631040	6647347
EOG091504IQ	utg000003l	1733618	1744051
EOG091504IQ	utg000021l	0	7758
EOG091504IR	utg000002l	783214	793875
EOG091506UA	utg000002l	11517556	11528010
EOG091500FA	utg000027l	2528628	2544172
EOG0915066B	utg000004l	297148	307588
EOG0915066G	utg000002l	3072598	3082828
EOG0915068W	utg000001l	2945421	2956323
EOG0915066E	utg000026l	3445622	3456528
EOG0915066E	utg000001l	1932253	1942899
EOG091504IO	utg000001l	7568644	7580693
EOG091500FU	utg000026l	6443265	6460576
EOG091504IC	utg000032l	2286656	2298271
EOG091500FQ	utg000026l	5786534	5799791
EOG091504IE	utg000064l	71547	82107
EOG091500FS	utg000003l	4067234	4081442
EOG091506UU	utg000023l	1995584	2009492
EOG0915046E	utg000019l	1545875	1557406
EOG0915046G	utg000010l	2613390	2624857
EOG0915046M	utg000001l	6534162	6545233
EOG09150GXB	utg000002l	16486592	16496893
EOG0915046Q	utg000001l	5898179	5909430
EOG091508QM	utg000043l	2456121	2466255
EOG0915046R	utg000029l	3844869	3856464
EOG0915046W	utg000062l	128362	139488
EOG091508QK	utg000009l	66501	77317
EOG0915034J	utg000003l	5074963	5086672
EOG09150FB8	utg000002l	14034429	14044796
EOG091505M8	utg000008l	1812822	1824481
EOG091505M6	utg000026l	7712444	7723973
EOG09150BP5	utg000034l	1433868	1444407
EOG091503CC	utg000011l	5940404	5950523
EOG091501ST	utg000002l	16252977	16265418
EOG09150BP0	utg000067l	859389	869965
EOG09150BP3	utg000010l	1615187	1625402
EOG091503Q8	utg000026l	1732360	1744260
EOG091508MB	utg000026l	5119374	5129751
EOG091503CJ	utg000001l	417874	429030
EOG091503CM	utg000002l	9974720	9986381
EOG09150BP8	utg000027l	2046676	2056965
EOG091501SX	utg000001l	1106953	1119032
EOG09150E8K	utg000033l	1494946	1505406
EOG09150489	utg000008l	2847908	2858660
EOG091503CR	utg000032l	3158945	3170434
EOG091501SB	utg000028l	1370783	1382199
EOG091501SB	utg000002l	6734587	6759709
EOG091505SE	utg000052l	1772166	1783242
EOG091508C1	utg000026l	10989307	10999962
EOG091503CY	utg000026l	2208576	2219499
EOG091501SL	utg000002l	7110994	7123225
EOG091505SO	utg000029l	189577	199720
EOG091501SJ	utg000026l	11582919	11593773
EOG091501SI	utg000001l	4307540	4320558
EOG091501SH	utg000051l	455432	468009
EOG091505S3	utg000028l	1405521	1416596
EOG09150BPT	utg000032l	2157851	2168562
EOG091505S0	utg000001l	6343154	6354332
EOG091503QZ	utg000023l	588336	599260
EOG091501S1	utg000019l	229929	242276
EOG09150B7F	utg000031l	2065751	2076290
EOG0915048G	utg000010l	2798978	2810825
EOG091501S8	utg000011l	4854075	4866268
EOG091503C1	utg000004l	128649	150149
EOG091503C1	utg000011l	879847	890973
EOG091503C0	utg000002l	3896117	3906480
EOG091503C3	utg000001l	6637892	6649457
EOG091503C5	utg000070l	655326	666257
EOG091503QJ	utg000003l	3778862	3789192
EOG091503C7	utg000002l	3618745	3629165
EOG091503QH	utg000002l	5244904	5255957
EOG09150BPM	utg000019l	1440342	1450888
EOG0915048Q	utg000032l	695301	707797
EOG091507MU	utg000029l	653381	664757
EOG0915048U	utg000011l	2771825	2784024
EOG091508X2	utg000032l	1594067	1605204
EOG091508X2	utg000010l	1634556	1645204
EOG091505MJ	utg000029l	2113496	2124617
EOG09150D7S	utg000034l	1639021	1649104
EOG09150F7J	utg000002l	11021096	11031420
EOG09150F7J	utg000029l	1306209	1316507
EOG091505MB	utg000003l	2085906	2096313
EOG091501AP	utg000026l	2653570	2665137
EOG091501AS	utg000003l	8559542	8571155
EOG091501AT	utg000043l	3645044	3656553
EOG091501AT	utg000004l	33085	44497
EOG091503ME	utg000002l	3932813	3944467
EOG091501AV	utg000003l	8905365	8917312
EOG091501AV	utg000146l	25444	37032
EOG091506PY	utg000001l	1673662	1685141
EOG091503MY	utg000011l	4477312	4506580
EOG091501AO	utg000002l	2975175	2986752
EOG091501AN	utg000043l	4397114	4408723
EOG091501AD	utg000001l	995390	1006512
EOG091507MO	utg000003l	8018045	8028779
EOG091507ML	utg000008l	303239	314410
EOG091507MG	utg000029l	1460174	1471476
EOG091509IP	utg000052l	244556	255198
EOG0915026Q	utg000043l	1255758	1266646
EOG0915026P	utg000032l	5041358	5052055
EOG0915026P	utg000002l	11027948	11038646
EOG0915026N	utg000026l	10977655	10988974
EOG0915026L	utg000051l	369640	381397
EOG091507MX	utg000033l	1129390	1140409
EOG0915026E	utg000028l	248734	261211
EOG09150260	utg000034l	170901	182239
EOG09150D9K	utg000052l	1899435	1909837
EOG09150D9K	utg000053l	797994	808314
EOG091509IJ	utg000003l	119137	139770
EOG091501A1	utg000043l	4038120	4049748
EOG091503JL	utg000002l	9600100	9611618
EOG09150CW8	utg000043l	618974	629358
EOG09150DFY	utg000012l	510566	520790
EOG091503M6	utg000026l	10917297	10929019
EOG0915000S	utg000028l	1601514	1623568
EOG091506YR	utg000026l	1779177	1789362
EOG0915000Y	utg000001l	6747042	6767312
EOG0915000X	utg000010l	886156	904999
EOG0915000C	utg000028l	1921913	1946789
EOG091500UY	utg000002l	11461560	11474181
EOG091502AN	utg000053l	266162	276732
EOG091506DC	utg000052l	1899414	1909840
EOG091500UQ	utg000002l	2392629	2404148
EOG091502AA	utg000043l	3457668	3468999
EOG091502S1	utg000001l	3746548	3759124
EOG091500UJ	utg000032l	630489	642505
EOG091500UK	utg000002l	14952298	14964850
EOG091500UL	utg000041l	234210	248061
EOG091502S6	utg000004l	271244	282403
EOG091500UA	utg000021l	488306	502702
EOG091500UB	utg000027l	1437951	1449537
EOG091502AW	utg000026l	11168283	11179726
EOG091500UF	utg000052l	111688	126226
EOG091500U9	utg000027l	83624	97763
EOG091502SB	utg000008l	222782	234258
EOG091502SC	utg000041l	1569487	1580240
EOG091502SD	utg000002l	7655163	7673022
EOG091502SH	utg000026l	8481321	8492102
EOG091502SI	utg000008l	809518	821809
EOG091500U3	utg000027l	899323	910853
EOG091500U5	utg000003l	7676817	7688194
EOG09150HSV	utg000033l	1234415	1244681
EOG091502SQ	utg000001l	7149004	7160874
EOG091502A9	utg000002l	8456642	8467397
EOG091502A9	utg000052l	375189	385518
EOG09150CAJ	utg000043l	2610058	2620255
EOG091502SW	utg000028l	1193964	1204604
EOG091502A3	utg000001l	3592369	3604371
EOG091502A0	utg000019l	1500952	1513033
EOG091502A1	utg000004l	237543	249081
EOG091502A6	utg000032l	4961531	4973670
EOG09150006	utg000033l	934904	958352
EOG09150009	utg000001l	4065519	4093429
EOG09150H0T	utg000032l	898166	908472
EOG09150E8G	utg000043l	2920809	2931191
EOG0915067P	utg000026l	5426461	5436739
EOG0915067S	utg000137l	13857	24438
EOG091504JX	utg000034l	1372726	1384106
EOG091500GE	utg000001l	3062439	3074983
EOG091504JT	utg000041l	1629706	1641087
EOG091500GI	utg000052l	1576656	1587348
EOG0915090X	utg000003l	2745437	2755634
EOG0915090X	utg000032l	53613	63803
EOG091500GR	utg000001l	1884862	1896780
EOG091504JL	utg000002l	7204760	7215629
EOG091500GV	utg000027l	383099	402554
EOG091504JH	utg000001l	4238901	4250123
EOG091504JK	utg000031l	1662289	1673341
EOG0915090A	utg000026l	4769002	4779378
EOG09150DJY	utg000001l	4262917	4273408
EOG091503C6	utg000031l	2359881	2370688
EOG091503C6	utg000033l	368535	379026
EOG091503C6	utg000026l	3487092	3497445
EOG091504JF	utg000028l	1801112	1812359
EOG09150AQE	utg000027l	2562773	2574274
EOG0915067M	utg000052l	325126	336175
EOG0915067O	utg000002l	16215296	16227140
EOG0915047F	utg000032l	2019214	2030329
EOG0915047G	utg000002l	1620044	1630850
EOG091508RS	utg000001l	561646	572275
EOG0915047C	utg000002l	12299890	12310624
EOG0915047N	utg000002l	8595752	8607060
EOG0915047T	utg000003l	5591494	5603230
EOG0915047R	utg000026l	4828645	4839627
EOG091508RD	utg000043l	2930007	2940862
EOG0915071Z	utg000002l	7731937	7742134
EOG0915071Z	utg000043l	2456121	2466267
EOG0915071Z	utg000008l	1919227	1929453
EOG091504Q4	utg000011l	4014624	4025160
EOG0915071R	utg000033l	1040906	1054775
EOG0915071R	utg000091l	582382	592976
EOG09150476	utg000004l	2394571	2405030
EOG09150475	utg000051l	1915564	1927569
EOG0915071C	utg000060l	70055	81042
EOG0915071G	utg000002l	5767376	5777792
EOG091505ZR	utg000019l	1492879	1503726
EOG0915071D	utg000032l	1500940	1511626
EOG09150670	utg000001l	2343882	2354454
EOG09150670	utg000026l	4164791	4175407
EOG09150901	utg000026l	4980620	4991588
EOG091504J5	utg000019l	34898	45245
EOG09150AQ0	utg000011l	3113737	3124590
EOG091506R9	utg000003l	8527807	8539039
EOG091500G9	utg000043l	590909	605495
EOG091506R2	utg000010l	206850	217699
EOG091503PX	utg000027l	2061745	2073370
EOG09150B4F	utg000043l	2626404	2637058
EOG0915049C	utg000003l	5676911	5687559
EOG091503PR	utg000028l	97311	108362
EOG091503PH	utg000003l	1315696	1327083
EOG091503PJ	utg000042l	237805	247934
EOG0915049P	utg000003l	1864034	1874549
EOG091503PE	utg000004l	251997	262804
EOG091503PC	utg000070l	437665	448108
EOG09150G7I	utg000032l	1909394	1919577
EOG09150BQH	utg000002l	1886998	1897123
EOG091505LK	utg000001l	7534224	7545051
EOG09150873	utg000002l	2287009	2298560
EOG091505LB	utg000010l	3590779	3601221
EOG091505LB	utg000026l	1779183	1789365
EOG091505LZ	utg000008l	2293473	2304471
EOG091502X4	utg000027l	1546170	1557908
EOG091505LV	utg000010l	1669495	1681586
EOG09150BC9	utg000052l	1364469	1374887
EOG09150BQT	utg000003l	8343253	8353414
EOG0915087Q	utg000026l	11775213	11786688
EOG091501UE	utg000028l	1640380	1652108
EOG09150C94	utg000002l	11942240	11952985
EOG091508A5	utg000003l	1069247	1079841
EOG09150A7Q	utg000026l	1589576	1599811
EOG091503P5	utg000002l	14004410	14014878
EOG09150B43	utg000043l	2685550	2696225
EOG09150495	utg000026l	5365357	5376712
EOG091505R2	utg000008l	2013912	2025924
EOG091507ZY	utg000043l	1508730	1520077
EOG091507ZS	utg000026l	9183789	9194385
EOG09150ALM	utg000043l	3048216	3059071
EOG091507ZV	utg000028l	1156180	1167118
EOG091501R9	utg000003l	1787314	1798658
EOG091503B0	utg000014l	2003965	2014225
EOG091509ZC	utg000028l	1190154	1200565
EOG091509ZC	utg000002l	10746987	10757301
EOG091508N7	utg000010l	3222326	3233155
EOG091508N0	utg000067l	792059	802717
EOG091503B9	utg000026l	11631644	11643107
EOG09150DU8	utg000002l	14844262	14854685
EOG09150ALG	utg000002l	14848212	14858864
EOG091502LX	utg000023l	462222	473566
EOG09150DGQ	utg000026l	8263125	8273468
EOG09150HB8	utg000019l	1140973	1151170
EOG09150B1G	utg000019l	1330913	1341206
EOG091503BF	utg000026l	9464576	9475019
EOG091503BD	utg000003l	3954989	3966883
EOG091505RT	utg000002l	11934002	11945243
EOG091501RQ	utg000043l	656013	668273
EOG091503BA	utg000003l	5051964	5062686
EOG091503BM	utg000064l	241053	252251
EOG091503BK	utg000002l	13807469	13819367
EOG091501RZ	utg000031l	92220	104469
EOG091505RA	utg000003l	4297615	4307839
EOG091501RG	utg000003l	802825	816796
EOG091503BR	utg000026l	5387523	5399205
EOG091501RA	utg000028l	452837	463742
EOG091502AC	utg000028l	1615391	1626479
EOG091505RH	utg000003l	96019	106224
EOG091501RM	utg000003l	8859103	8869663
EOG091501RO	utg000032l	1897434	1909201
EOG091501RI	utg000034l	1458446	1470433
EOG091501RJ	utg000033l	1384308	1396889
EOG091502PE	utg000026l	10850841	10862666
EOG09150278	utg000011l	4938093	4950356
EOG091502PL	utg000002l	2602009	2613090
EOG091502PO	utg000003l	1877240	1887612
EOG091502PN	utg000052l	387446	398847
EOG091509H2	utg000003l	913538	924228
EOG09150272	utg000026l	9415777	9428279
EOG091502PU	utg000001l	2329962	2342644
EOG091502PR	utg000026l	10445694	10456726
EOG091507L6	utg000003l	509886	521748
EOG091507L7	utg000029l	2061968	2072528
EOG091502PZ	utg000008l	1839952	1850851
EOG091502S3	utg000031l	903241	914713
EOG091508AS	utg000001l	1671447	1682163
EOG091503L7	utg000008l	1632419	1643867
EOG091503LJ	utg000026l	5395985	5407716
EOG091506DS	utg000001l	4666589	4677632
EOG091503LN	utg000032l	3546798	3557750
EOG091503LE	utg000026l	3258994	3269757
EOG091503LR	utg000034l	307609	319347
EOG091509HY	utg000027l	518277	528656
EOG09150DV6	utg000009l	157514	167961
EOG091509HW	utg000014l	3238919	3249635
EOG091500PZ	utg000009l	58451	72127
EOG091509HN	utg000002l	1433062	1443708
EOG091502P4	utg000026l	3448188	3460274
EOG09150146	utg000028l	1711899	1724370
EOG0915027O	utg000012l	504885	520089
EOG091502P0	utg000014l	2523756	2535763
EOG091502P2	utg000026l	11136167	11146640
EOG091502P2	utg000043l	1414488	1424941
EOG091502P2	utg000053l	1049987	1060397
EOG0915027F	utg000019l	115451	127451
EOG091507LW	utg000032l	4787630	4797998
EOG091506FG	utg000052l	180668	191703
EOG09150AB0	utg000032l	1583701	1594390
EOG091506E4	utg000051l	473850	484896
EOG091500V2	utg000027l	3276130	3289547
EOG091502F9	utg000003l	7704203	7716117
EOG09150BZ0	utg000026l	10129150	10139653
EOG09150CAW	utg000042l	402430	413643
EOG09150ID0	utg000001l	4901384	4911515
EOG0915001T	utg000028l	1786507	1802141
EOG09150B3P	utg000052l	1574314	1584610
EOG091502SK	utg000002l	15840569	15852541
EOG091506BY	utg000010l	1815059	1825463
EOG09150BWN	utg000002l	1099869	1109994
EOG0915001B	utg000008l	333197	353930
EOG0915001M	utg000001l	3673201	3691372
EOG091506EZ	utg000043l	3432844	3444060
EOG091502FN	utg000041l	94267	106484
EOG091502FM	utg000026l	6860136	6871515
EOG091502FL	utg000002l	9537812	9549230
EOG091500VY	utg000032l	3224327	3236194
EOG091500VX	utg000002l	4915094	4927679
EOG091502FI	utg000137l	46317	57925
EOG091502FG	utg000002l	16878062	16889558
EOG091500VT	utg000019l	1256650	1269301
EOG091500VT	utg000003l	4420386	4434926
EOG09150704	utg000002l	5232602	5243625
EOG091502FB	utg000001l	3391725	3401829
EOG09150706	utg000043l	80829	91996
EOG091506EU	utg000008l	1857416	1867805
EOG091506EL	utg000032l	1079141	1090166
EOG09150ABC	utg000032l	3227716	3238216
EOG091502FU	utg000026l	9930759	9942279
EOG09150E1Z	utg000031l	2221866	2232130
EOG091500VA	utg000026l	9179517	9192038
EOG091500VB	utg000067l	59759	71636
EOG09150DMD	utg000002l	14034961	14045434
EOG091508S2	utg000002l	7906443	7917335
EOG0915080Q	utg000011l	4447860	4458688
EOG0915080I	utg000027l	2050993	2062012
EOG091506FJ	utg000002l	3142918	3153213
EOG0915080B	utg000032l	3215114	3225788
EOG091504K6	utg000023l	240264	251615
EOG09150642	utg000001l	6347439	6358361
EOG091504K8	utg000001l	6806496	6817126
EOG09150AP3	utg000001l	5338370	5348798
EOG091506S4	utg000010l	2605618	2616474
EOG0915064T	utg000032l	1094773	1105325
EOG091504KW	utg000003l	4265181	4275946
EOG091504KX	utg000026l	7435347	7446365
EOG091506SC	utg000034l	241952	252565
EOG0915064E	utg000002l	8048830	8059473
EOG0915064D	utg000002l	11682809	11694364
EOG091504KE	utg000002l	15579003	15590208
EOG091504KK	utg000003l	5684566	5694874
EOG091504KI	utg000003l	5246858	5257316
EOG09150APA	utg000003l	3996223	4006668
EOG09150EXW	utg000001l	2944118	2954570
EOG09150801	utg000052l	1147986	1158441
EOG091508SN	utg000019l	1842442	1853168
EOG09150DVQ	utg000026l	5043033	5053424
EOG09150DVQ	utg000002l	1144241	1154580
EOG09150B30	utg000001l	98161	108301
EOG09150B31	utg000011l	4379145	4389543
EOG09150F51	utg000026l	3251832	3262020
EOG091505C0	utg000010l	3008800	3019620
EOG09150C81	utg000002l	12301223	12311903
EOG09150FVT	utg000026l	6496071	6506297
EOG091503S0	utg000008l	715461	725634
EOG091503S0	utg000033l	1249952	1260131
EOG091505QY	utg000003l	4976248	4987387
EOG09150CHF	utg000026l	11979533	11990009
EOG091502TL	utg000026l	9957014	9968365
EOG091508OS	utg000043l	870195	880552
EOG091505QA	utg000002l	3308152	3320982
EOG091505QC	utg000009l	64695	75531
EOG09150B39	utg000026l	3168263	3179038
EOG091503SS	utg000026l	3389861	3401835
EOG091503SU	utg000001l	1690543	1701709
EOG091503ST	utg000043l	2529555	2540574
EOG09150B5M	utg000028l	1159015	1169551
EOG09150B5M	utg000043l	599457	609906
EOG09150B5M	utg000026l	3411041	3422038
EOG091503SA	utg000033l	953724	965294
EOG09150B5Q	utg000002l	15881515	15891745
EOG091503SM	utg000032l	3244803	3255282
EOG091503SL	utg000026l	43771	55335
EOG09150B5X	utg000003l	5124108	5134539
EOG09150F5X	utg000002l	8690146	8700325
EOG09150C8C	utg000002l	4911465	4921857
EOG09150BVD	utg000011l	3120407	3130877
EOG09150AVZ	utg000001l	6962738	6973208
EOG09150F5U	utg000026l	1548969	1559350
EOG091505CQ	utg000032l	6001890	6027198
EOG09150BVZ	utg000008l	1865705	1876249
EOG09150BVW	utg000043l	4563288	4573470
EOG09150C8Z	utg000002l	4719444	4729611
EOG091501OV	utg000003l	8456157	8469297
EOG091501OU	utg000003l	1766105	1776206
EOG091501OZ	utg000167l	34580	47732
EOG091501OY	utg000001l	5747804	5762351
EOG091501OX	utg000051l	339566	351541
EOG091503OC	utg000001l	1137051	1148437
EOG091503OZ	utg000062l	259218	270692
EOG091503OV	utg000043l	2688071	2699042
EOG091501OL	utg000010l	1808917	1819031
EOG091509KW	utg000002l	8696674	8707276
EOG0915024R	utg000070l	558416	570486
EOG0915024V	utg000010l	524214	535936
EOG0915095Y	utg000014l	3555442	3565700
EOG0915067W	utg000001l	4781400	4792129
EOG09150DMY	utg000023l	454103	464558
EOG0915095X	utg000002l	8644424	8654840
EOG0915024C	utg000028l	1104197	1116361
EOG091500GK	utg000001l	443751	457587
EOG091501Q1	utg000002l	3354513	3365783
EOG091509GI	utg000010l	3335331	3345673
EOG091501Q7	utg000002l	11550258	11563121
EOG0915024N	utg000008l	1463639	1475240
EOG09150241	utg000002l	7103437	7115382
EOG09150AQR	utg000019l	1578916	1589415
EOG09150245	utg000003l	4394497	4405818
EOG09150244	utg000002l	3699259	3711572
EOG091501QE	utg000032l	1659058	1671262
EOG091501QX	utg000002l	11562799	11574650
EOG091507O7	utg000003l	826310	837277
EOG091501QQ	utg000002l	710722	722982
EOG091501QS	utg000034l	315625	326517
EOG0915091U	utg000002l	3418145	3428718
EOG091501QV	utg000031l	2464720	2476522
EOG091501QV	utg000004l	2511181	2522554
EOG091501O7	utg000031l	1467871	1479663
EOG091501O4	utg000052l	1368270	1380385
EOG09150DXR	utg000026l	169054	179503
EOG091509YC	utg000003l	7547371	7557617
EOG091503O5	utg000002l	14324032	14335684
EOG091500GW	utg000011l	2610099	2624455
EOG091507AN	utg000003l	319575	330573
EOG091507AD	utg000001l	474929	485327
EOG091507AR	utg000052l	934706	945579
EOG091506RU	utg000001l	2919824	2930174
EOG091502GL	utg000032l	774255	785754
EOG0915002H	utg000026l	9567416	9583406
EOG091500WP	utg000029l	2361003	2373517
EOG091500GY	utg000031l	34235	46339
EOG091502GJ	utg000011l	444005	454342
EOG091506BX	utg000001l	166106	176474
EOG0915002A	utg000044l	517921	536810
EOG091502Q0	utg000002l	12901637	12912386
EOG091502GG	utg000032l	3917858	3928757
EOG091500WB	utg000002l	3118368	3129583
EOG091500WC	utg000027l	667480	680027
EOG091500WF	utg000002l	8557506	8569571
EOG091506BJ	utg000001l	540829	551143
EOG091500WE	utg000002l	3596997	3607960
EOG0915002S	utg000033l	1220315	1238030
EOG0915002R	utg000028l	133556	147254
EOG0915002U	utg000008l	1889310	1906914
EOG091500WO	utg000002l	5287187	5298844
EOG091500WL	utg000001l	6724663	6738020
EOG0915002V	utg000029l	1601730	1612340
EOG0915002V	utg000026l	3920251	3930800
EOG0915002V	utg000002l	11331357	11341805
EOG091506M2	utg000132l	82661	93254
EOG091500W0	utg000010l	715683	729379
EOG091500W1	utg000002l	7997607	8009665
EOG0915039Q	utg000002l	3128546	3140257
EOG091500W8	utg000026l	6069664	6082053
EOG091506M0	utg000032l	1448972	1459475
EOG09150CM5	utg000031l	1165583	1176050
EOG09150029	utg000031l	2252475	2277627
EOG0915039E	utg000026l	9576509	9587341
EOG091502QN	utg000002l	11493205	11504509
EOG091502G9	utg000027l	992243	1004526
EOG091502G4	utg000032l	5402529	5413950
EOG09150020	utg000043l	4596078	4614313
EOG09150025	utg000014l	1773226	1792052
EOG091502QE	utg000008l	2687784	2699135
EOG091502QE	utg000027l	1595075	1605634
EOG091502QE	utg000004l	2511384	2521919
EOG091507A1	utg000032l	4838594	4849342
EOG091507A7	utg000029l	630591	641437
EOG091504LW	utg000001l	126051	136842
EOG091500AF	utg000002l	303058	318063
EOG091500AG	utg000001l	7812312	7826896
EOG091506PE	utg000010l	1737126	1748288
EOG091500AC	utg000051l	740212	755382
EOG091500AI	utg000001l	6708418	6719197
EOG091506PN	utg000001l	4305014	4316313
EOG091506PT	utg000008l	1650052	1660558
EOG091504LO	utg000026l	4962078	4972278
EOG091509Q5	utg000003l	2677099	2755610
EOG091504LJ	utg000052l	1370787	1381870
EOG0915065I	utg000053l	490627	501347
EOG0915065L	utg000002l	11947016	11958147
EOG0915065A	utg000001l	116594	126872
EOG09150AA0	utg000001l	4673413	4683844
EOG0915065U	utg000011l	3807924	3818751
EOG09150GMY	utg000011l	1594674	1604923
EOG0915073L	utg000026l	4735704	4746114
EOG09150659	utg000026l	9720763	9731960
EOG09150AAT	utg000026l	8798655	8809202
EOG09150AAT	utg000001l	7810572	7820940
EOG09150DDJ	utg000004l	1171367	1181726
EOG091504L4	utg000004l	2245428	2256658
EOG091500A4	utg000051l	1088175	1106736
EOG091502GM	utg000002l	16200422	16210874
EOG09150AHT	utg000044l	637893	650163
EOG091500A1	utg000053l	1214846	1227979
EOG09150E37	utg000051l	1892852	1903079
EOG091500NU	utg000001l	2081214	2094558
EOG09150DDD	utg000033l	1264613	1274902
EOG091506V0	utg000001l	2293284	2303811
EOG091503RS	utg000002l	11862899	11874289
EOG091503RZ	utg000085l	202750	213322
EOG091503RZ	utg000029l	4258404	4269359
EOG091503RX	utg000031l	1489433	1499705
EOG091503RY	utg000001l	2931861	2943161
EOG091503RE	utg000010l	1655012	1665239
EOG091503RA	utg000003l	505913	517572
EOG091505BB	utg000034l	2446904	2457625
EOG091505BC	utg000009l	171957	182253
EOG091505BH	utg000002l	12909006	12920070
EOG091505BI	utg000043l	1743202	1754005
EOG09150BA6	utg000026l	4368624	4379371
EOG09150BWA	utg000034l	159350	169514
EOG09150BWC	utg000003l	7285410	7295938
EOG091509D9	utg000067l	311359	322103
EOG09150BWU	utg000029l	2293169	2303291
EOG09150BWW	utg000001l	2237003	2247608
EOG091506MX	utg000026l	21148	35194
EOG0915081L	utg000002l	15899124	15911477
EOG0915081O	utg000002l	13772288	13783434
EOG091505B8	utg000010l	597194	608310
EOG091509D0	utg000111l	32701	47711
EOG09150BAD	utg000002l	10968700	10979035
EOG091503R8	utg000019l	1352413	1363891
EOG091501PO	utg000053l	1047519	1058627
EOG091505PO	utg000001l	6449660	6460682
EOG091501PH	utg000008l	891114	904956
EOG0915074U	utg000003l	1332798	1344521
EOG091501PE	utg000026l	8297430	8307627
EOG091505PY	utg000033l	388354	400093
EOG091501PZ	utg000001l	2502617	2515881
EOG091501PV	utg000001l	4744631	4779558
EOG091501PU	utg000008l	2687033	2699336
EOG09150ANE	utg000043l	3964051	3974414
EOG09150DW6	utg000019l	732362	742826
EOG09150DW6	utg000014l	77860	88201
EOG091509NO	utg000023l	291642	302076
EOG091506A1	utg000032l	1445985	1457240
EOG091509XY	utg000023l	512327	522989
EOG09150FWA	utg000001l	2156378	2166557
EOG09150DWP	utg000091l	587303	597574
EOG09150FWG	utg000051l	1343615	1353944
EOG09150FWL	utg000052l	1167746	1177991
EOG091502Z4	utg000011l	2690186	2701802
EOG09150FE5	utg000011l	2529513	2539819
EOG091508HD	utg000002l	13796320	13806790
EOG09150E3K	utg000031l	651039	661307
EOG091508HL	utg000026l	622471	633285
EOG09150E3O	utg000002l	9543788	9554451
EOG09150E3L	utg000010l	1787242	1797517
EOG09150678	utg000026l	8968207	8978978
EOG091502E5	utg000003l	5182876	5194297
EOG091505P9	utg000003l	7835070	7845924
EOG091505P9	utg000027l	3151440	3162265
EOG09150B8U	utg000010l	1401630	1411764
EOG091501P7	utg000032l	1607259	1618750
EOG091505P1	utg000002l	16849596	16860802
EOG09150B8P	utg000002l	12298918	12309673
EOG091508HY	utg000004l	938044	948337
EOG091508HY	utg000002l	12917357	12927623
EOG091508HY	utg000001l	4496182	4506343
EOG09150DKC	utg000008l	2813796	2824504
EOG0915038W	utg000008l	988441	999327
EOG091509F4	utg000026l	10414620	10425228
EOG0915038R	utg000052l	751472	761858
EOG091509F7	utg000002l	5854696	5865754
EOG09150DKK	utg000014l	3095605	3105907
EOG091502VQ	utg000026l	8151009	8162450
EOG091502VO	utg000026l	4731074	4743674
EOG0915074L	utg000031l	1800071	1811085
EOG091502VK	utg000026l	4945431	4956897
EOG0915038A	utg000003l	2237527	2248751
EOG0915091F	utg000028l	1729070	1739384
EOG0915038N	utg000002l	9508305	9520227
EOG091502VC	utg000026l	3330606	3342357
EOG09150113	utg000001l	406632	419782
EOG0915038K	utg000003l	508019	519348
EOG091501N1	utg000002l	5145063	5158370
EOG0915074O	utg000003l	2270639	2282587
EOG091501N4	utg000062l	252485	266007
EOG09150ER1	utg000008l	2760367	2770645
EOG091501N8	utg000011l	3235691	3248274
EOG091503N3	utg000002l	8616263	8627743
EOG091503N6	utg000043l	102731	114971
EOG091503N4	utg000001l	4055998	4071863
EOG091503N5	utg000026l	11430321	11442106
EOG091505IW	utg000028l	69719	80647
EOG091503NC	utg000031l	342404	353871
EOG091501NR	utg000011l	3252635	3265453
EOG091501NW	utg000026l	4926258	4937458
EOG0915074T	utg000027l	2001189	2011473
EOG091503NL	utg000002l	12016119	12026913
EOG091508GG	utg000011l	4774745	4785124
EOG091503NP	utg000043l	3669880	3679954
EOG091503NU	utg000011l	3103682	3115048
EOG091501NH	utg000042l	416391	428964
EOG091501NI	utg000053l	123665	134603
EOG091503NY	utg000023l	904540	918463
EOG09150386	utg000002l	8580153	8591788
EOG091506R4	utg000002l	1914422	1925362
EOG0915025P	utg000003l	8356451	8366948
EOG091502V5	utg000026l	5019925	5031230
EOG091502V4	utg000011l	3198221	3209772
EOG09150389	utg000029l	2211736	2222787
EOG0915025X	utg000041l	536603	547233
EOG09150GBO	utg000026l	9754888	9764995
EOG091506FK	utg000003l	5125710	5136514
EOG091500KO	utg000026l	6686146	6698970
EOG0915025O	utg000003l	4855784	4867496
EOG0915025O	utg000026l	6594734	6605861
EOG0915025I	utg000023l	504894	516514
EOG0915072R	utg000026l	3645643	3656500
EOG091500Y7	utg000001l	7593530	7605666
EOG091500P0	utg000034l	1128390	1140247
EOG0915067U	utg000043l	4589404	4600525
EOG091502D0	utg000067l	863417	874649
EOG091502D3	utg000052l	1047784	1059782
EOG0915072F	utg000002l	1910270	1920743
EOG0915072G	utg000002l	3348180	3358389
EOG09150038	utg000032l	6068330	6084493
EOG09150038	utg000001l	7431167	7449609
EOG09150039	utg000052l	441839	457327
EOG09150039	utg000002l	12565919	12576725
EOG091502D8	utg000011l	4685308	4697104
EOG09150CG6	utg000032l	2272951	2283281
EOG091503PW	utg000034l	2714466	2724828
EOG09150CG3	utg000011l	3787100	3797354
EOG091500PW	utg000029l	1047773	1076750
EOG091500PU	utg000002l	5271438	5283991
EOG091502DB	utg000044l	460720	471389
EOG0915003K	utg000002l	16479561	16495996
EOG0915003H	utg000052l	1126116	1144366
EOG0915003F	utg000002l	3273121	3288538
EOG0915003G	utg000032l	4095250	4113159
EOG09150GL0	utg000002l	11553819	11570519
EOG0915003C	utg000067l	156433	171973
EOG0915003A	utg000043l	1453667	1468674
EOG09150CLI	utg000091l	581200	591396
EOG091502DS	utg000026l	3851866	3863055
EOG091502DU	utg000029l	2311769	2324134
EOG091502DT	utg000002l	3667211	3679273
EOG091502DW	utg000021l	447714	460084
EOG091500PK	utg000028l	1574970	1587609
EOG0915003P	utg000010l	746185	762517
EOG0915003Q	utg000008l	732586	750535
EOG0915053S	utg000033l	1357834	1369105
EOG0915082P	utg000019l	1146072	1156388
EOG0915082S	utg000026l	1366831	1377790
EOG091505XQ	utg000032l	548403	559123
EOG0915049Q	utg000026l	10909378	10920654
EOG0915053K	utg000002l	15199740	15210405
EOG0915082H	utg000043l	68222	78388
EOG0915053O	utg000029l	4045616	4057637
EOG09150621	utg000010l	680951	692122
EOG091500B0	utg000003l	8910686	8922627
EOG091500B5	utg000019l	576225	592928
EOG091502J9	utg000026l	4933767	4945146
EOG091502J3	utg000002l	879830	890084
EOG091502J5	utg000026l	11012665	11024341
EOG091502J4	utg000053l	806510	820924
EOG091504MT	utg000032l	6059777	6070698
EOG091504MT	utg000002l	6443073	6453949
EOG091504MT	utg000011l	895458	906172
EOG091500BX	utg000004l	926372	939851
EOG091500BZ	utg000027l	1341797	1353758
EOG091502JM	utg000011l	5650133	5662424
EOG091502JL	utg000010l	2301077	2312961
EOG091502JC	utg000008l	1834215	1846218
EOG091500BS	utg000014l	3547389	3560494
EOG091500BU	utg000033l	1387674	1402945
EOG09150C9E	utg000002l	3948446	3958892
EOG091500BI	utg000028l	1148260	1161439
EOG091502JZ	utg000051l	872060	883853
EOG091506QT	utg000067l	268035	278388
EOG091502JX	utg000003l	1072508	1084267
EOG091500BN	utg000026l	2851575	2865819
EOG091500BC	utg000023l	2390949	2420786
EOG091502JP	utg000029l	3260525	3283744
EOG091506QZ	utg000026l	11167889	11178199
EOG09150533	utg000001l	3068855	3079815
EOG09150JFW	utg000002l	3303661	3313948
EOG09150E3X	utg000008l	2609032	2619211
EOG09150536	utg000004l	2231305	2242505
EOG0915062B	utg000003l	4837290	4848366
EOG0915062B	utg000053l	1452146	1463377
EOG0915062B	utg000041l	1560293	1571231
EOG0915062Y	utg000002l	13805419	13816137
EOG0915062Y	utg000008l	718864	729641
EOG0915062T	utg000003l	683597	694196
EOG09150CBU	utg000026l	4781559	4792165
EOG09150CQ9	utg000064l	75137	85477
EOG091500YK	utg000026l	9090362	9106705
EOG091505A6	utg000026l	9285543	9296382
EOG09150BT7	utg000026l	11972608	11982667
EOG09150BT6	utg000003l	7189461	7199699
EOG09150BT8	utg000004l	1112765	1123226
EOG091508IA	utg000020l	68766	79509
EOG09150E2G	utg000026l	9929638	9940578
EOG09150B9P	utg000031l	2450561	2460807
EOG09150BC7	utg000019l	1979551	1989828
EOG09150BC8	utg000003l	4952610	4963470
EOG09150ELL	utg000003l	7266590	7276703
EOG0915038Z	utg000041l	11623	22844
EOG09150E28	utg000043l	259714	270170
EOG091505AT	utg000001l	6313791	6324121
EOG091505AW	utg000028l	1618167	1628487
EOG091505AV	utg000011l	5156622	5167890
EOG09150BTX	utg000001l	6718382	6728796
EOG091505AX	utg000011l	2762949	2773704
EOG091503IG	utg000008l	563500	575090
EOG091503IG	utg000001l	5042722	5053647
EOG091503IB	utg000008l	695767	707248
EOG091501MS	utg000003l	160771	172380
EOG091503IM	utg000001l	5042725	5054197
EOG091506HG	utg000002l	3801479	3812174
EOG091503II	utg000026l	11988069	11999083
EOG091501MZ	utg000002l	2326398	2338940
EOG091501MG	utg000032l	2259716	2270181
EOG091503IT	utg000031l	1277807	1289458
EOG091501MA	utg000031l	2024338	2036656
EOG091503IP	utg000008l	1732474	1743326
EOG091503IP	utg000019l	112570	123229
EOG09150FB7	utg000026l	6644502	6655348
EOG09150FB6	utg000002l	7710638	7720910
EOG091501MO	utg000028l	1702232	1713904
EOG091501MN	utg000026l	2701110	2714029
EOG091501MH	utg000033l	1626747	1639081
EOG09150FB1	utg000043l	4555855	4566025
EOG09150FB0	utg000029l	3370842	3381261
EOG091509EW	utg000029l	3664067	3674905
EOG091509EV	utg000002l	7073920	7085857
EOG091507QQ	utg000043l	873231	884580
EOG091507QW	utg000043l	2923080	2933490
EOG091509EX	utg000002l	5376539	5387239
EOG091507QL	utg000026l	4989930	5000701
EOG091507IL	utg000002l	5235573	5245779
EOG091505W3	utg000011l	2786815	2797980
EOG091505W2	utg000019l	37471	48525
EOG091507QE	utg000032l	1569375	1580262
EOG091505W0	utg000034l	2540367	2552892
EOG091505WL	utg000023l	1823285	1834780
EOG091505WH	utg000042l	114508	126301
EOG091505WF	utg000003l	8044204	8054853
EOG091507Q1	utg000019l	1950875	1961872
EOG091505WC	utg000026l	4147458	4158427
EOG091505WZ	utg000027l	2542354	2552941
EOG09150BZU	utg000019l	1332564	1343120
EOG09150BZT	utg000003l	7322320	7332580
EOG091501M4	utg000003l	999529	1011673
EOG091501M9	utg000026l	9282068	9294162
EOG091501M8	utg000003l	6101990	6114201
EOG091509WM	utg000002l	5600089	5610313
EOG091503I6	utg000003l	8875176	8886251
EOG091503I2	utg000032l	1142370	1153113
EOG09150FBV	utg000034l	2336583	2346835
EOG091509WY	utg000032l	1087151	1097780
EOG09150G4Y	utg000004l	905619	915978
EOG0915028Y	utg000008l	2610712	2622567
EOG091507CE	utg000002l	14957945	14969217
EOG0915028T	utg000002l	8515760	8528129
EOG091507CG	utg000032l	2939934	2950901
EOG0915028Q	utg000001l	6136391	6149500
EOG0915028N	utg000002l	9602403	9613789
EOG0915028I	utg000029l	1952211	1964813
EOG0915028H	utg000043l	1944349	1956548
EOG0915028K	utg000026l	5853715	5865893
EOG0915028J	utg000026l	5752497	5764696
EOG091507CU	utg000011l	3523621	3533875
EOG0915028F	utg000026l	8604230	8616435
EOG091507CP	utg000008l	899405	910071
EOG0915028C	utg000023l	160025	170723
EOG0915028C	utg000001l	3300334	3310852
EOG091502EB	utg000011l	4893396	4911678
EOG091500QQ	utg000029l	2427901	2438087
EOG091502EN	utg000003l	8034701	8045869
EOG091500QX	utg000001l	7138971	7153245
EOG091500QG	utg000028l	107364	117900
EOG091502ER	utg000026l	1629841	1640393
EOG091500QA	utg000053l	1252762	1266836
EOG091502EZ	utg000034l	790248	804357
EOG091500QJ	utg000002l	8640276	8652293
EOG091502EY	utg000003l	3961926	3972507
EOG09150DLG	utg000034l	2650248	2660577
EOG091502WT	utg000002l	12317824	12329267
EOG091502WU	utg000027l	7823	19729
EOG091502WV	utg000027l	1548470	1559868
EOG091502WR	utg000043l	4443193	4453564
EOG091502WS	utg000031l	1578163	1591429
EOG091502WL	utg000001l	2092037	2103490
EOG091502E7	utg000002l	7118426	7130254
EOG091502WO	utg000031l	2348515	2359616
EOG091502WH	utg000019l	138011	148493
EOG091502WK	utg000002l	11631504	11641846
EOG091502WK	utg000028l	1641284	1651529
EOG091502E8	utg000001l	1152927	1164110
EOG091504HK	utg000052l	450651	460830
EOG09150AJ7	utg000034l	2662569	2672896
EOG09150280	utg000002l	16866467	16877489
EOG091507C5	utg000032l	6034076	6045136
EOG091507C1	utg000062l	159187	169541
EOG0915092I	utg000031l	1866869	1877225
EOG09150CYG	utg000029l	3746216	3757815
EOG091502KI	utg000026l	7803692	7814743
EOG0915069H	utg000026l	8256799	8267673
EOG091502KN	utg000026l	11163041	11173409
EOG091500CY	utg000034l	126086	140853
EOG091509G7	utg000003l	1840152	1850523
EOG091500CW	utg000026l	8671701	8684949
EOG091506NW	utg000026l	3436854	3447114
EOG091506NV	utg000003l	3408990	3420530
EOG091500CP	utg000027l	2896226	2911684
EOG091500CM	utg000002l	9197770	9210917
EOG091500CK	utg000001l	6119575	6132708
EOG091506NC	utg000029l	1499872	1510537
EOG091502KQ	utg000002l	5933404	5986712
EOG091502KQ	utg000029l	2304480	2316119
EOG091502KQ	utg000003l	2869468	2882111
EOG091500CC	utg000001l	7431596	7442844
EOG0915063L	utg000004l	1969648	1980413
EOG09150756	utg000002l	15188671	15199688
EOG091509G6	utg000003l	3960229	3970528
EOG09150EO5	utg000031l	607562	617717
EOG09150758	utg000011l	507485	518243
EOG09150AO5	utg000052l	132186	142483
EOG09150AO5	utg000011l	3493229	3503579
EOG09150AO5	utg000026l	10573285	10583509
EOG0915063T	utg000028l	1160399	1171727
EOG0915063V	utg000041l	1578308	1589875
EOG0915063S	utg000003l	4518656	4529192
EOG09150GOT	utg000002l	11950692	11960987
EOG09150AOH	utg000002l	2589381	2599938
EOG0915075G	utg000004l	48939	59364
EOG09150AOR	utg000002l	9489179	9499629
EOG091504N2	utg000026l	2211235	2221907
EOG091504N4	utg000011l	3180576	3196553
EOG09150633	utg000003l	4821840	4832058
EOG091500C6	utg000001l	2729678	2744180
EOG09150D5Q	utg000004l	2198325	2208649
EOG091506N1	utg000076l	191895	202127
EOG091500C2	utg000043l	4023345	4039121
EOG091502K0	utg000010l	3088792	3102146
EOG091502K1	utg000029l	1688003	1698979
EOG09150CY8	utg000002l	3591521	3602208
EOG091504P7	utg000026l	11962216	11972272
EOG091508XQ	utg000002l	4290586	4301308
EOG091508XX	utg000001l	7809413	7820056
EOG091503NZ	utg000001l	773009	784083
EOG091503NZ	utg000002l	10316621	10328388
EOG091508XD	utg000001l	5851037	5861264
EOG091509M7	utg000001l	5336354	5346742
EOG09150C5S	utg000070l	65526	76097
EOG09150522	utg000010l	3508470	3519105
EOG09150835	utg000019l	503301	514004
EOG09150527	utg000067l	168624	179577
EOG09150BG7	utg000034l	2045897	2056367
EOG09150F0A	utg000026l	3002623	3012946
EOG09150C5B	utg000026l	11683568	11694059
EOG09150BUR	utg000002l	1947012	1957245
EOG09150F0M	utg000044l	72314	82919
EOG09150C5N	utg000027l	3125651	3136051
EOG0915052P	utg000011l	3134205	3144965
EOG09150BGX	utg000027l	1783214	1793802
EOG09150BGV	utg000043l	2744654	2755034
EOG0915083Z	utg000027l	1531329	1542041
EOG091507ZW	utg000002l	8735456	8746020
EOG0915052B	utg000052l	916713	927258
EOG0915052C	utg000008l	210626	221048
EOG09150BGI	utg000002l	6834455	6845009
EOG0915052K	utg000002l	13960568	13974017
EOG0915052L	utg000001l	4680358	4692768
EOG091502V9	utg000002l	10318624	10331071
EOG091504PU	utg000034l	2313126	2324469
EOG091504PT	utg000051l	278534	289934
EOG091504QL	utg000026l	10931596	10941886
EOG091504PY	utg000034l	922015	933608
EOG091504PY	utg000003l	7672685	7683214
EOG091504PX	utg000002l	9950782	9961669
EOG091504PO	utg000032l	3561892	3572579
EOG091505VK	utg000011l	2782055	2792379
EOG091500LW	utg000003l	3473841	3483969
EOG091504Q5	utg000053l	845782	856030
EOG09150FU6	utg000043l	2125254	2135636
EOG091509VM	utg000026l	2666992	2682401
EOG09150A91	utg000002l	8842422	8853007
EOG09150A7Z	utg000008l	2566393	2577013
EOG09150FCT	utg000026l	11779126	11789398
EOG091509VZ	utg000026l	8518537	8528710
EOG09150IMV	utg000001l	4300784	4310852
EOG09150A9I	utg000041l	1564965	1575663
EOG0915031G	utg000026l	1573582	1584712
EOG09150A9U	utg000002l	14104895	14115564
EOG091509V6	utg000003l	4628764	4640302
EOG09150A73	utg000008l	345658	355924
EOG091508JZ	utg000002l	8271824	8282610
EOG091508JV	utg000052l	1366523	1376922
EOG0915031A	utg000002l	15646672	15658263
EOG091505YD	utg000052l	1714951	1726043
EOG091507NY	utg000002l	2346367	2356641
EOG091506OM	utg000001l	2382224	2392636
EOG091502TQ	utg000026l	1759582	1770666
EOG091502TQ	utg000032l	1980173	1992681
EOG091502TQ	utg000008l	577795	588789
EOG091509DK	utg000028l	1778537	1788767
EOG091509DH	utg000008l	585501	596477
EOG091502TU	utg000026l	1610463	1621681
EOG091507P0	utg000002l	8704055	8714567
EOG091509DC	utg000026l	9960504	9970890
EOG091506OO	utg000002l	2567629	2578613
EOG091507P4	utg000011l	6024302	6034973
EOG091501L9	utg000003l	850085	860717
EOG091502TF	utg000019l	1612846	1624722
EOG091501L3	utg000002l	2258592	2269140
EOG091501L7	utg000003l	8303678	8315385
EOG091502TO	utg000010l	1660453	1673741
EOG091502TO	utg000026l	8968225	8978979
EOG091509DU	utg000003l	7690132	7700855
EOG091503H4	utg000026l	5402344	5413305
EOG091503H8	utg000026l	599728	610991
EOG091503HU	utg000033l	1491309	1502017
EOG091503HW	utg000029l	362268	373426
EOG091503HQ	utg000008l	2470186	2480375
EOG091503HQ	utg000026l	8235824	8245952
EOG091503V5	utg000026l	11589694	11601570
EOG091503HX	utg000008l	2003812	2015801
EOG091504OK	utg000009l	150138	160795
EOG091505YV	utg000002l	11457137	11468070
EOG091505YV	utg000043l	529326	540871
EOG091502T4	utg000002l	8725100	8735542
EOG091501LL	utg000026l	6420090	6443810
EOG091501LB	utg000026l	11769437	11781546
EOG091501LX	utg000001l	5093431	5107766
EOG091501LY	utg000014l	2705929	2716866
EOG091507PB	utg000003l	5857465	5868370
EOG091507PD	utg000034l	911131	921870
EOG091509D4	utg000019l	1222041	1232907
EOG091500RI	utg000026l	3492469	3506339
EOG091500RH	utg000064l	44152	57536
EOG091502Z9	utg000032l	3537274	3548765
EOG091500RM	utg000041l	1597908	1608902
EOG0915074Q	utg000032l	4386454	4396830
EOG091500RN	utg000026l	3303372	3317156
EOG091500RA	utg000002l	14288588	14300115
EOG091506TY	utg000001l	6559473	6580944
EOG09150CN9	utg000028l	1106086	1117584
EOG091500RF	utg000052l	1746330	1759708
EOG09150ANV	utg000001l	2885157	2895651
EOG091500RQ	utg000032l	1451531	1464690
EOG091500RR	utg000029l	3668081	3680056
EOG0915074K	utg000003l	322228	332911
EOG09150293	utg000003l	918350	930289
EOG09150290	utg000001l	2086448	2098001
EOG09150291	utg000070l	266893	277451
EOG091507B5	utg000011l	3115489	3125961
EOG091507B8	utg000003l	2323436	2333927
EOG091506HI	utg000002l	11675667	11686716
EOG0915029U	utg000002l	5128680	5139438
EOG091507BI	utg000001l	2894685	2905506
EOG0915029B	utg000032l	4428577	4439862
EOG091507EV	utg000026l	12070759	12080939
EOG091507EV	utg000002l	11517556	11527711
EOG0915029N	utg000011l	5186351	5198853
EOG091506AS	utg000044l	620551	631530
EOG091506AQ	utg000019l	1573566	1584036
EOG09150CNZ	utg000053l	498877	509049
EOG091502ZQ	utg000023l	2347967	2358466
EOG09150GN9	utg000011l	5406536	5458467
EOG091500R9	utg000033l	396780	411630
EOG091500R8	utg000051l	1933208	1965154
EOG091500R8	utg000026l	1531549	1543362
EOG09150AN9	utg000002l	15625317	15635933
EOG0915051Z	utg000026l	566061	577034
EOG09150601	utg000043l	1531689	1541808
EOG091500IB	utg000028l	1487441	1500901
EOG091504O8	utg000043l	2698139	2708542
EOG0915051M	utg000033l	1482848	1494031
EOG0915051K	utg000008l	2144561	2155793
EOG091506O9	utg000034l	2323585	2357898
EOG091500L1	utg000043l	2864563	2877160
EOG091500L8	utg000003l	8545147	8557043
EOG091506O6	utg000053l	1013899	1024003
EOG09150CX5	utg000026l	1232625	1242906
EOG091502H9	utg000023l	535866	547404
EOG091502H8	utg000011l	1490402	1502183
EOG091502H5	utg000010l	1233297	1243934
EOG091502H1	utg000014l	2221237	2233191
EOG091504QN	utg000002l	12916339	12927730
EOG091508NM	utg000010l	2601473	2612067
EOG091500LQ	utg000026l	4865994	4876606
EOG091502HI	utg000002l	2415760	2426748
EOG091500LV	utg000023l	1363924	1376195
EOG09150CXJ	utg000002l	8285363	8295871
EOG09150CM9	utg000026l	6547070	6557216
EOG091500LA	utg000008l	1824047	1834483
EOG091500LF	utg000014l	3170491	3181702
EOG091500LD	utg000042l	44816	59209
EOG091500LH	utg000028l	84498	101815
EOG091502HP	utg000026l	70040	81791
EOG091500LM	utg000029l	4201816	4217030
EOG09150515	utg000003l	8875106	8886539
EOG0915060C	utg000001l	4707256	4718334
EOG0915060E	utg000019l	1611422	1622309
EOG09150510	utg000026l	10966155	10976785
EOG091508BP	utg000053l	841087	851761
EOG0915060J	utg000034l	2028378	2038547
EOG0915060V	utg000027l	29888	40836
EOG0915060Y	utg000028l	713173	723669
EOG091504OR	utg000010l	1413772	1424682
EOG09150BJ9	utg000026l	1548182	1558554
EOG09150BJ9	utg000052l	1873973	1884250
EOG09150A8N	utg000004l	903122	913687
EOG091505G4	utg000002l	3598373	3608878
EOG09150A8I	utg000032l	1508948	1519516
EOG09150A8T	utg000024l	452632	463171
EOG09150A8S	utg000008l	1165145	1175498
EOG091508Y5	utg000011l	4141174	4152061
EOG091503YT	utg000001l	456642	466797
EOG091503YS	utg000032l	2946383	2957503
EOG09150CEE	utg000028l	1498982	1509588
EOG091508KW	utg000013l	410036	420936
EOG091508KW	utg000026l	10005281	10016093
EOG091508KS	utg000003l	7607758	7618054
EOG091508KL	utg000003l	5628542	5638790
EOG091503YD	utg000001l	2792219	2803409
EOG09150CEJ	utg000002l	9138300	9148428
EOG091505RD	utg000002l	1963820	1975028
EOG0915099H	utg000035l	557220	571752
EOG09150AIZ	utg000029l	1036744	1047421
EOG091508K5	utg000044l	77891	88099
EOG091508YE	utg000010l	3319118	3329314
EOG09150EBJ	utg000031l	768335	778534
EOG091508YO	utg000014l	3571271	3582919
EOG091508YH	utg000004l	1622269	1632355
EOG0915099T	utg000002l	16203008	16213947
EOG09150BJZ	utg000014l	1410662	1421053
EOG09150C4U	utg000019l	113603	124193
EOG09150FR8	utg000010l	2596945	2607309
EOG09150BJR	utg000043l	4050568	4060945
EOG09150A85	utg000070l	411102	421623
EOG091508NS	utg000002l	8570391	8580784
EOG09150BJM	utg000004l	2114642	2124767
EOG091503KZ	utg000002l	14199960	14229034
EOG091503KH	utg000014l	2122293	2133670
EOG091500I5	utg000052l	392667	405190
EOG09150A61	utg000010l	1672151	1683019
EOG091503KB	utg000002l	12250114	12261725
EOG091503KD	utg000014l	2426012	2437091
EOG091501KI	utg000026l	8303529	8316318
EOG091501KF	utg000019l	1433028	1445215
EOG091501KE	utg000028l	1557883	1568926
EOG091501KD	utg000010l	3229003	3242173
EOG091505U4	utg000029l	1653495	1664608
EOG091505U4	utg000002l	3311467	3322595
EOG091501KY	utg000003l	2934952	2947281
EOG091501KV	utg000032l	4263951	4277494
EOG091501KT	utg000004l	2332814	2344538
EOG09150276	utg000003l	3315331	3326060
EOG091501KQ	utg000003l	3313683	3323886
EOG09150BX2	utg000002l	8736610	8747163
EOG0915003N	utg000024l	387006	412538
EOG09150BXI	utg000010l	3100142	3110729
EOG091500PT	utg000032l	2266768	2279911
EOG09150DIF	utg000023l	305310	315441
EOG091501K9	utg000010l	2607056	2618135
EOG091501K9	utg000137l	18667	29380
EOG09150990	utg000034l	2223926	2234131
EOG091505UX	utg000067l	1071175	1083268
EOG09150BXW	utg000002l	3323243	3333759
EOG091506CY	utg000010l	3207019	3217750
EOG091506CZ	utg000008l	1820153	1831124
EOG091509UM	utg000002l	14120220	14130530
EOG091503K5	utg000003l	8469792	8480981
EOG091509UK	utg000029l	655734	665922
EOG091509UP	utg000017l	384813	395100
EOG09150A6P	utg000003l	4596186	4606539
EOG09150195	utg000029l	2408159	2420453
EOG09150197	utg000053l	917494	929361
EOG091507EK	utg000003l	2115461	2129138
EOG09150046	utg000008l	2277280	2294169
EOG09150352	utg000002l	5694739	5705321
EOG09150351	utg000002l	8691589	8703550
EOG09150E09	utg000041l	1587676	1598163
EOG09150044	utg000003l	940588	956838
EOG091502U5	utg000002l	11956472	11968269
EOG091502U8	utg000052l	255070	266281
EOG091501GV	utg000033l	416238	429386
EOG091509C6	utg000002l	7530086	7540733
EOG091509C3	utg000002l	11476896	11487141
EOG091506CI	utg000026l	7416564	7428223
EOG091502UW	utg000010l	1788994	1800541
EOG091502UW	utg000029l	2273878	2284672
EOG0915099B	utg000032l	3216604	3226858
EOG091500PA	utg000043l	229791	243094
EOG091502UQ	utg000003l	2202763	2216083
EOG091502UY	utg000019l	1427140	1438084
EOG09150FNX	utg000003l	2072131	2082467
EOG091502UO	utg000008l	558706	570434
EOG091509CT	utg000032l	1107938	1118441
EOG091502UJ	utg000029l	4109360	4119488
EOG091502UI	utg000043l	2909419	2920100
EOG0915019P	utg000019l	222640	234124
EOG0915019S	utg000029l	2324775	2337580
EOG0915019W	utg000026l	6342634	6353964
EOG0915019V	utg000003l	7542693	7554952
EOG09150CLD	utg000034l	971411	981544
EOG0915035I	utg000043l	2153417	2163888
EOG091506LT	utg000026l	7394713	7406229
EOG0915035N	utg000002l	3532420	3543566
EOG0915035L	utg000003l	5582750	5594714
EOG091507E5	utg000001l	4889399	4899962
EOG0915019B	utg000019l	1512499	1524078
EOG0915019J	utg000014l	1315326	1326429
EOG091500MP	utg000034l	2504661	2519896
EOG091506LU	utg000002l	8597429	8608325
EOG091502IK	utg000060l	86083	99102
EOG091502IL	utg000001l	5837907	5849549
EOG091502IR	utg000031l	1172756	1183411
EOG091500MB	utg000011l	5546984	5566021
EOG091500MC	utg000001l	4817228	4828403
EOG091500MD	utg000002l	8562931	8576761
EOG091500ME	utg000008l	1621566	1634198
EOG091500MF	utg000002l	9607621	9619655
EOG091500MJ	utg000091l	338827	350489
EOG091500MK	utg000003l	7947512	7958618
EOG091500ML	utg000001l	6505458	6520706
EOG091500MM	utg000001l	5844915	5857081
EOG09150776	utg000032l	899262	910260
EOG09150173	utg000003l	6864198	6878561
EOG0915061I	utg000003l	8019573	8030746
EOG0915061U	utg000032l	4890222	4901259
EOG091500S9	utg000003l	1320880	1335419
EOG0915094P	utg000043l	1523729	1534476
EOG0915017Z	utg000026l	4997172	5009452
EOG091500SL	utg000003l	4791787	4804960
EOG0915082Z	utg000003l	3796722	3806930
EOG091500SK	utg000034l	2499001	2511404
EOG0915017Q	utg000002l	8088344	8102033
EOG0915017P	utg000019l	1496348	1509498
EOG091500SA	utg000034l	828272	841793
EOG09150611	utg000001l	1662206	1672388
EOG091500SW	utg000002l	13847315	13858421
EOG0915017A	utg000029l	4171267	4186383
EOG091500SS	utg000003l	547161	557947
EOG0915017D	utg000002l	14430154	14442089
EOG0915077H	utg000032l	3806181	3816643
EOG091500M4	utg000026l	5652325	5665580
EOG091502I0	utg000026l	3626458	3643458
EOG091502I4	utg000027l	2301976	2312203
EOG0915098L	utg000002l	1908909	1919627
EOG0915098M	utg000008l	701324	716508
EOG091504R0	utg000043l	2055422	2067078
EOG091504R8	utg000032l	3324901	3335773
EOG09150508	utg000026l	4695313	4706668
EOG09150508	utg000053l	1077194	1088300
EOG09150BFF	utg000029l	2001116	2011427
EOG09150501	utg000003l	5091296	5101568
EOG0915098R	utg000026l	8678299	8688529
EOG09150507	utg000001l	7186845	7198553
EOG091505FX	utg000026l	5983551	5993667
EOG091505FV	utg000053l	600146	611192
EOG091505FW	utg000003l	8152610	8163032
EOG091508ZE	utg000064l	95113	108783
EOG091508ZG	utg000011l	5666302	5677353
EOG09150BKJ	utg000002l	8631803	8641883
EOG091505FI	utg000002l	14036713	14047821
EOG09150C7L	utg000023l	904717	915088
EOG09150085	utg000029l	1149812	1166476
EOG091505FB	utg000026l	5687828	5698970
EOG09150BET	utg000051l	1343591	1353866
EOG091505F8	utg000002l	13835887	13847689
EOG091505F9	utg000029l	3611736	3622867
EOG091509AM	utg000052l	1178145	1188396
EOG091505F0	utg000070l	316000	353201
EOG091505F0	utg000028l	906656	916898
EOG091505F0	utg000029l	4314407	4324610
EOG091505F1	utg000003l	2863241	2873393
EOG09150BK6	utg000026l	5051024	5061707
EOG091508Z9	utg000003l	4266770	4277470
EOG09150ESY	utg000033l	370299	380514
EOG091504RQ	utg000029l	1941501	1956520
EOG091504RQ	utg000001l	145324	156238
EOG0915050A	utg000043l	2633528	2644338
EOG091504RZ	utg000026l	4689737	4701440
EOG091504RD	utg000026l	2870663	2881282
EOG0915050X	utg000027l	3139624	3150796
EOG091506ZS	utg000033l	1101892	1112841
EOG091504RC	utg000002l	15700785	15711728
EOG09150987	utg000011l	1587247	1597944
EOG091504RH	utg000003l	269810	280118
EOG091504RH	utg000024l	337954	348439
EOG091504RH	utg000026l	10984398	10994990
EOG091506ZX	utg000014l	1351981	1362049
EOG091503X5	utg000008l	2824230	2834980
EOG091503X6	utg000023l	1055469	1066562
EOG091503X0	utg000008l	1826907	1837883
EOG091503X9	utg000052l	686029	696811
EOG09150EEO	utg000001l	4315710	4325829
EOG09150BYZ	utg000003l	573906	584019
EOG09150A5G	utg000014l	3481156	3491608
EOG09150A5G	utg000011l	871999	882483
EOG09150D0P	utg000052l	302605	313080
EOG09150G9J	utg000032l	1239741	1249848
EOG091509TE	utg000002l	16490190	16500771
EOG091509T7	utg000011l	950624	962038
EOG09150D05	utg000014l	2418141	2428865
EOG09150D09	utg000043l	248523	258924
EOG091503XT	utg000014l	1218811	1229153
EOG091508DP	utg000001l	2790324	2801358
EOG091503XP	utg000014l	3614029	3625151
EOG091503XG	utg000033l	717054	728727
EOG09150BY6	utg000002l	8584545	8594775
EOG09150BY5	utg000026l	4826920	4837111
EOG091509BL	utg000010l	146071	156538
EOG09150FOB	utg000026l	5681540	5691820
EOG09150DOI	utg000014l	3492174	3502419
EOG091509BT	utg000008l	2676671	2686933
EOG091501J7	utg000002l	13972256	13985447
EOG0915018V	utg000026l	3568834	3581692
EOG0915034E	utg000004l	56705	68084
EOG091503J8	utg000026l	1789823	1800463
EOG091503J9	utg000023l	1443932	1456094
EOG091503J6	utg000026l	7404247	7415998
EOG091503J4	utg000002l	6088583	6099971
EOG0915034M	utg000002l	5896852	5907601
EOG0915018G	utg000029l	3715293	3728105
EOG0915034V	utg000002l	5669286	5680842
EOG0915034W	utg000008l	565867	577662
EOG0915018N	utg000028l	1090431	1102192
EOG0915018L	utg000003l	2782791	2793797
EOG09150186	utg000026l	5992776	6007848
EOG09150182	utg000002l	15863823	15876148
EOG091503JX	utg000003l	435102	446484
EOG091506QJ	utg000028l	707900	718394
EOG09150340	utg000023l	1570577	1581668
EOG09150342	utg000052l	840012	851213
EOG09150346	utg000002l	14339421	14350359
EOG09150347	utg000001l	6436716	6447033
EOG091503JC	utg000026l	11693666	11705096
EOG091505ZH	utg000001l	4687318	4698529
EOG091501JM	utg000026l	9617266	9632412
EOG091505ZN	utg000034l	1211797	1222752
EOG091504ME	utg000010l	1689026	1699315
EOG091501JD	utg000002l	13096198	13108961
EOG09150ATN	utg000008l	833206	843799
EOG091505ZD	utg000051l	228677	239945
EOG091501JC	utg000003l	2916541	2928740
EOG091507RA	utg000014l	3570248	3580960
EOG091505ZQ	utg000011l	4944925	4955666
EOG091501JV	utg000001l	7531025	7542440
EOG091501JW	utg000011l	808529	820092
EOG091501JW	utg000043l	2797616	2809710
EOG091501JP	utg000011l	3044296	3055023
EOG091501JR	utg000002l	4927964	4941064
EOG0915016Q	utg000052l	1238509	1248742
EOG091502X6	utg000034l	1242645	1253694
EOG091502X0	utg000019l	1000850	1011657
EOG091502X0	utg000027l	1595093	1605634
EOG0915016V	utg000014l	774214	799917
EOG091502X2	utg000137l	74489	87862
EOG091502X2	utg000144l	13182	26568
EOG09150ALK	utg000003l	1308782	1319217
EOG09150ALK	utg000014l	77863	88201
EOG0915016L	utg000032l	5386035	5398493
EOG0915016O	utg000026l	11533988	11544577
EOG0915016A	utg000037l	129311	143374
EOG09150DS5	utg000002l	14468545	14478715
EOG0915016D	utg000001l	7538582	7551570
EOG091504MN	utg000026l	5865379	5875738
EOG0915016G	utg000002l	815033	828479
EOG0915076L	utg000003l	1881823	1892939
EOG091507D5	utg000019l	1235644	1246255
EOG091507D2	utg000043l	92093	102458
EOG0915076Y	utg000028l	1323770	1334078
EOG0915076R	utg000051l	222758	233659
EOG0915076S	utg000031l	368203	379021
EOG0915062O	utg000043l	2104455	2115409
EOG091507DG	utg000026l	11207155	11218685
EOG09150BKV	utg000052l	426587	437423
EOG09150BKV	utg000026l	4690155	4700643
EOG091506UW	utg000026l	10597154	10608012
EOG091506JZ	utg000003l	5162184	5173111
EOG091507DS	utg000043l	1509386	1519615
EOG09150763	utg000001l	303524	314945
EOG09150CHU	utg000070l	393463	404081
EOG09150CHW	utg000002l	6092087	6103028
EOG091502XU	utg000009l	0	10923
EOG091502XU	utg000137l	5388	17205
EOG09150161	utg000031l	1811188	1822205
EOG091502XW	utg000032l	1493717	1504432
EOG09150CHE	utg000043l	2101554	2111866
EOG091502XO	utg000026l	7482637	7494458
EOG091502XK	utg000004l	1921707	1933098
EOG0915070N	utg000044l	453109	463471
EOG091504A0	utg000001l	363850	374997
EOG091503FK	utg000023l	546304	556675
EOG09150AH7	utg000002l	16387202	16397718
EOG091504A8	utg000013l	188085	201810
EOG09150AZ3	utg000032l	3227728	3238198
EOG091500N5	utg000042l	472404	484507
EOG091500N5	utg000177l	2925	15103
EOG091500N5	utg000004l	6885	19074
EOG091500N4	utg000003l	4397215	4411210
EOG091500N7	utg000026l	2547772	2560680
EOG091500N6	utg000032l	736216	748666
EOG0915057D	utg000014l	2234099	2244542
EOG091500N9	utg000027l	315922	329830
EOG09150CZ1	utg000002l	16869276	16879410
EOG091502N6	utg000023l	1043851	1055558
EOG091502N1	utg000002l	11470114	11481981
EOG0915057X	utg000027l	268365	278759
EOG0915057X	utg000051l	747486	757851
EOG0915057R	utg000001l	6499717	6509862
EOG0915054S	utg000026l	1640736	1651815
EOG091502NG	utg000026l	8258578	8271272
EOG091506MS	utg000002l	14273035	14283950
EOG091502NC	utg000052l	422891	434376
EOG091500NR	utg000026l	9996438	10007307
EOG09150CZV	utg000034l	490544	501143
EOG091505N1	utg000032l	5207167	5217570
EOG091500NY	utg000014l	1789523	1802826
EOG091502NR	utg000002l	13150228	13160966
EOG09150578	utg000032l	5158121	5168426
EOG091500NM	utg000001l	2074134	2087752
EOG091500ON	utg000032l	1534629	1548469
EOG091500NN	utg000008l	1395000	1408935
EOG091502NY	utg000026l	10455543	10465691
EOG09150CZA	utg000051l	1342634	1352895
EOG091504AG	utg000052l	188309	199208
EOG091504AK	utg000001l	7618349	7629817
EOG091504AL	utg000010l	1403322	1413822
EOG09150AK7	utg000002l	11500778	11511038
EOG091505UR	utg000034l	922066	932703
EOG091504AU	utg000031l	1789702	1804328
EOG09150AZT	utg000008l	2539700	2549951
EOG09150AK5	utg000042l	462602	474432
EOG09150AK5	utg000029l	1485751	1497674
EOG09150885	utg000053l	982874	993614
EOG09150885	utg000003l	1879966	1890475
EOG09150FPR	utg000026l	7425213	7435641
EOG09150FPW	utg000002l	717516	728079
EOG09150403	utg000003l	5689826	5701068
EOG09150401	utg000031l	1986294	2001236
EOG091508ES	utg000026l	9943431	9953805
EOG09150406	utg000002l	6151262	6162531
EOG091508EV	utg000031l	1296884	1307677
EOG09150971	utg000011l	451519	462121
EOG091508EC	utg000014l	3487807	3498711
EOG091504S4	utg000026l	3000430	3011842
EOG091508E3	utg000053l	1421999	1433032
EOG0915097E	utg000026l	8420033	8430599
EOG09150ANI	utg000001l	5874147	5884761
EOG0915040X	utg000010l	971532	994399
EOG0915097M	utg000003l	1372781	1383721
EOG091504SE	utg000003l	8301281	8312476
EOG09150GTV	utg000052l	1367923	1378190
EOG0915097V	utg000003l	1398767	1409037
EOG0915040D	utg000026l	1351869	1363072
EOG0915040K	utg000052l	1138469	1151806
EOG091504SQ	utg000034l	145867	159326
EOG0915040M	utg000026l	11797915	11809203
EOG091505EP	utg000032l	907592	918452
EOG09150FP7	utg000027l	23825	33935
EOG091505EV	utg000002l	8274960	8285671
EOG09150BHU	utg000027l	601010	611310
EOG091505EZ	utg000029l	1941417	1956520
EOG091505EZ	utg000001l	145526	156238
EOG09150BHP	utg000001l	6400650	6411219
EOG091505EA	utg000001l	5854146	5865108
EOG0915088F	utg000008l	1366360	1377342
EOG09150D82	utg000026l	1210163	1220547
EOG091505EI	utg000008l	500583	511681
EOG09150C67	utg000002l	9393915	9404466
EOG091505EO	utg000041l	40668	51627
EOG091503ER	utg000031l	340208	351863
EOG091503EV	utg000004l	554206	565158
EOG091509S6	utg000027l	12502	23202
EOG091509S6	utg000002l	13962155	13972717
EOG091509S6	utg000026l	11523803	11534585
EOG091503EF	utg000032l	6518051	6529563
EOG091503EK	utg000003l	4510989	4521861
EOG091503EJ	utg000011l	1612141	1622960
EOG091503EI	utg000026l	9878180	9889771
EOG091504X1	utg000002l	901120	911551
EOG091504X1	utg000003l	1864168	1874549
EOG091501II	utg000034l	1438232	1450718
EOG091501IH	utg000011l	5500671	5514196
EOG091501IJ	utg000052l	1056588	1068139
EOG091501IM	utg000034l	2634985	2647252
EOG091501IL	utg000002l	3359991	3372647
EOG091507UG	utg000031l	2050669	2061071
EOG091507UG	utg000001l	6962738	6973040
EOG091501IP	utg000059l	594030	620933
EOG091507UB	utg000003l	4099076	4120624
EOG091500JR	utg000043l	3038974	3050561
EOG091505YU	utg000031l	1733984	1744803
EOG091505YT	utg000026l	1539623	1550168
EOG091501IZ	utg000043l	2754264	2766184
EOG091507UH	utg000002l	4204013	4214638
EOG091507U5	utg000003l	80100	93181
EOG091507U4	utg000026l	11958811	11969608
EOG091507U2	utg000031l	2045956	2056639
EOG091505KQ	utg000041l	24985	36358
EOG091505KI	utg000026l	884596	896018
EOG091501I7	utg000008l	678201	689495
EOG09150CP9	utg000026l	4150011	4160739
EOG091501I9	utg000010l	854384	866656
EOG091507V3	utg000032l	1605623	1616619
EOG091505Y1	utg000002l	12942745	12954284
EOG091508LQ	utg000001l	2159753	2170401
EOG09150A4B	utg000003l	1344194	1354593
EOG091503E8	utg000031l	864825	876571
EOG09150ATH	utg000028l	1497519	1508579
EOG091509SN	utg000035l	104650	115055
EOG09150A4X	utg000001l	419991	430807
EOG091501GH	utg000002l	2841553	2853945
EOG091501GN	utg000002l	15938277	15948684
EOG091501GL	utg000031l	1938761	1951017
EOG091501GB	utg000001l	4250023	4262429
EOG091501GD	utg000002l	8267452	8277803
EOG09150375	utg000008l	687245	698465
EOG09150375	utg000062l	15381	26206
EOG09150377	utg000032l	191657	204068
EOG09150376	utg000010l	907161	918674
EOG091507EC	utg000031l	2549539	2560392
EOG091501GQ	utg000001l	5811954	5824327
EOG091501GP	utg000034l	932538	943934
EOG09150378	utg000001l	2929408	2940349
EOG091502YR	utg000041l	474471	485082
EOG091509OJ	utg000011l	4713839	4723967
EOG091502YQ	utg000003l	4570002	4586552
EOG091502RE	utg000002l	15884290	15894649
EOG091502YZ	utg000034l	702565	713419
EOG0915008Q	utg000026l	3189853	3209850
EOG091509A7	utg000002l	15042112	15052626
EOG09150FL5	utg000026l	8302610	8313004
EOG091509OR	utg000032l	5531377	5542060
EOG091509OW	utg000026l	4930261	4940892
EOG09150CFP	utg000043l	871832	882398
EOG091502Y2	utg000010l	1568041	1579113
EOG09150709	utg000028l	94338	105202
EOG091502Y8	utg000043l	3347146	3378212
EOG09150083	utg000002l	7792461	7803672
EOG09150080	utg000027l	672140	687586
EOG091509AP	utg000027l	3253011	3263724
EOG091507EH	utg000026l	4136295	4147350
EOG0915037B	utg000011l	5264677	5274982
EOG0915037B	utg000004l	1036291	1046490
EOG091507G0	utg000002l	16488508	16499091
EOG091507J8	utg000031l	872126	882441
EOG0915037W	utg000027l	2319555	2331235
EOG091501G8	utg000026l	10612403	10625129
EOG091501G6	utg000001l	2675449	2688317
EOG091502OG	utg000001l	6554172	6566526
EOG091502OL	utg000001l	7774024	7786383
EOG091502OI	utg000002l	16258186	16271206
EOG091500VP	utg000001l	6443911	6455103
EOG091506JF	utg000026l	6693225	6703941
EOG091506JF	utg000002l	2245049	2255808
EOG091506JF	utg000029l	3542254	3558726
EOG091502OV	utg000052l	773822	785813
EOG091502OW	utg000029l	2122325	2133900
EOG09150797	utg000014l	2237381	2248167
EOG091502OR	utg000026l	9075738	9087519
EOG09150CUD	utg000027l	2512980	2524146
EOG09150CUD	utg000019l	1395011	1405331
EOG091504BG	utg000026l	918299	929565
EOG09150AYB	utg000026l	4835794	4846177
EOG091504BA	utg000027l	324113	334574
EOG091504BA	utg000026l	4284214	4294652
EOG091500OB	utg000001l	29170	43010
EOG091500OC	utg000002l	13831207	13841434
EOG09150157	utg000004l	232261	244736
EOG09150156	utg000032l	638437	650599
EOG09150AYM	utg000051l	633908	644282
EOG091500OZ	utg000003l	2820130	2837043
EOG091500OX	utg000002l	5372814	5385955
EOG091504BR	utg000002l	9943253	9953858
EOG091500OW	utg000051l	1926606	1939272
EOG091500OT	utg000003l	899595	912251
EOG091504BZ	utg000032l	1419964	1431223
EOG09150CKH	utg000022l	149910	160221
EOG09150ABB	utg000002l	4406951	4417537
EOG0915015T	utg000026l	9984292	9997058
EOG0915015Q	utg000003l	6979068	6991858
EOG0915015P	utg000003l	3412119	3423843
EOG09150CKF	utg000032l	4846125	4856516
EOG0915015M	utg000029l	4163570	4177327
EOG091504B4	utg000002l	3939121	3951200
EOG091500O8	utg000002l	13122340	13134260
EOG0915015I	utg000043l	2059184	2072011
EOG091500O2	utg000011l	3506823	3520290
EOG09150CKP	utg000008l	884697	895312
EOG0915015F	utg000010l	3620965	3639987
EOG091500O6	utg000028l	1561412	1573590
EOG091500O5	utg000032l	4376612	4389805
EOG0915079A	utg000002l	2537277	2548258
EOG09150CU0	utg000019l	1992770	2003105
EOG0915079G	utg000003l	7023845	7034195
EOG0915079F	utg000002l	2599304	2609835
EOG09150AI1	utg000052l	748053	759313
EOG09150CU9	utg000019l	282289	292960
EOG091502O5	utg000001l	4897586	4910458
EOG0915079U	utg000010l	3011055	3021159
EOG091506EE	utg000003l	5572721	5583645
EOG091506EE	utg000032l	820957	831663
